Subscription Code,Flow Rate (l/s),Number of Negative Flows,Percentage of Negative Flows,Operating Hours (h),Consumption (m³),Number of Available Data Points,تعداد مورد انتظار,درصد اطلاعات موجود,month
514059,4.06,21,67.74,30651.2,217861.5,31,31,100.0,1401/01
515122,11.97,1,3.23,32644.9,117254.31,31,31,100.0,1401/01
805221,0.74,5,16.13,34049.8,18570.289,18,31,58.06,1401/01
301144,1.2,1,3.23,13119.5,2.64,31,31,100.0,1401/01
515530,11.07,5,16.13,193865.7,248740.01,31,31,100.0,1401/01
102799,5.92,2,6.45,75117.6,3837.47,31,31,100.0,1401/01
515565,6.52,3,9.68,16808.6,13592.61,31,31,100.0,1401/01
529109,35.56,26,83.87,80372.4,8366018.5,30,31,96.77,1401/01
529293,32.36,31,100.0,79388.0,9152365.4,31,31,100.0,1401/01
529119,9.12,1,3.23,36506.3,10196.7,31,31,100.0,1401/01
804989,6.15,7,22.58,202482.8,572726.1,31,31,100.0,1401/01
804990,2.14,7,22.58,140563.1,67553.92,27,31,87.1,1401/01
805637,5.02,3,9.68,2794.8,4200.517,31,31,100.0,1401/01
806067,0.59,3,9.68,14880.4,9.098,31,31,100.0,1401/01
514555,3.56,2,6.45,35878.9,47392.23,31,31,100.0,1401/01
529122,7.87,6,19.35,32212.9,162584.12,31,31,100.0,1401/01
514618,5.81,3,9.68,2050.7,2994.139,31,31,100.0,1401/01
519905,5.06,3,9.68,2730.9,1555.416,31,31,100.0,1401/01
529155,15.27,1,3.23,20526.8,34379.2,31,31,100.0,1401/01
516155,2.78,3,9.68,4557.1,7588.569,31,31,100.0,1401/01
805895,0.67,1,3.23,0.5,1.613,31,31,100.0,1401/01
529205,23.53,1,3.23,3725.6,13319.11,15,31,48.39,1401/01
603246,20.16,2,6.45,80788.0,10593.2,31,31,100.0,1401/01
912936,0.3,1,3.23,,0.37,31,31,100.0,1401/01
604175,12.06,5,16.13,4426.5,32116.123,31,31,100.0,1401/01
515074,4.44,13,41.94,170510.9,289356.1,31,31,100.0,1401/01
603108,17.89,1,3.23,43811.8,12055.08,31,31,100.0,1401/01
514763,3.8,3,9.68,227544.0,244605.19,31,31,100.0,1401/01
515678,23.09,7,22.58,72453.7,259398.79,31,31,100.0,1401/01
529150,11.64,28,90.32,54889.4,660033.35,31,31,100.0,1401/01
529066,22.47,4,12.9,507458.7,760887.6,31,31,100.0,1401/01
805671,0.75,1,3.23,1780.1,52.934,31,31,100.0,1401/01
529336,2.07,1,3.23,300.4,-180119.9,10,31,32.26,1401/01
514321,16.12,2,6.45,27959.1,19900.0,31,31,100.0,1401/01
911146,1.93,1,3.23,19843.6,184.217,31,31,100.0,1401/01
606007,32.92,1,3.23,9903.0,83242.62,31,31,100.0,1401/01
603405,1.84,1,3.23,221339.5,9417.38,31,31,100.0,1401/01
606009,26.19,1,3.23,22423.7,6843.19,31,31,100.0,1401/01
514901,5.15,17,54.84,590763.8,1477465.5,31,31,100.0,1401/01
606010,18.21,5,16.13,60869.3,60545.68,31,31,100.0,1401/01
514017,31.69,1,3.23,98387.3,809564.2,31,31,100.0,1401/01
516620,388.24,20,64.52,2523.2,-234140.42,31,31,100.0,1401/01
518510,0.73,3,9.68,240.2,940.314,31,31,100.0,1401/01
602603,3.72,2,6.45,51411.0,20656.805,31,31,100.0,1401/01
601283,19.67,1,3.23,111847.2,46255.4,31,31,100.0,1401/01
516352,9.89,1,3.23,81256.0,194094.2,31,31,100.0,1401/01
514088,8.53,1,3.23,43559.8,17909.53,31,31,100.0,1401/01
517715,8.5,1,3.23,16759.6,20308.28,31,31,100.0,1401/01
514667,13.83,3,9.68,70349.9,83331.78,31,31,100.0,1401/01
514813,12.16,1,3.23,13749.9,103776.81,31,31,100.0,1401/01
514660,9.24,8,25.81,121987.1,467123.5,31,31,100.0,1401/01
514097,17.88,6,19.35,108575.2,545358.95,31,31,100.0,1401/01
517925,1.3,1,3.23,,-13.292,31,31,100.0,1401/01
604034,2.47,2,6.45,10920.6,554.7,31,31,100.0,1401/01
601009,4.41,1,3.23,5089.0,1046.86,31,31,100.0,1401/01
444443,10.48,6,19.35,124009.2,944884.6,31,31,100.0,1401/01
529124,4.37,3,9.68,2426859.8,422950.5,31,31,100.0,1401/01
805663,2.59,1,3.23,27915.2,28362.986,31,31,100.0,1401/01
518735,2.29,1,3.23,176.9,224.936,31,31,100.0,1401/01
618307,0.92,1,3.23,,30.37,31,31,100.0,1401/01
526064,0.95,1,3.23,19099.4,417.66,31,31,100.0,1401/01
517628,0.85,3,9.68,23785.7,157.43,31,31,100.0,1401/01
604801,1.0,1,3.23,4244.5,29.286,31,31,100.0,1401/01
805172,0.6,3,9.68,16623.7,18960.51,31,31,100.0,1401/01
804571,22.7,1,3.23,87070.2,263978.9,31,31,100.0,1401/01
516108,0.45,1,3.23,27120.2,20526.6,31,31,100.0,1401/01
529018,27.17,1,3.23,15631.9,231026.52,31,31,100.0,1401/01
604893,2.94,11,35.48,215435.9,208030.1,31,31,100.0,1401/01
529146,8.23,1,3.23,375879.5,21575.1,31,31,100.0,1401/01
604653,0.85,1,3.23,3693.0,178.518,31,31,100.0,1401/01
615171,0.86,1,3.23,11863.8,7638.802,31,31,100.0,1401/01
603087,11.33,1,3.23,18573.4,147518.17,31,31,100.0,1401/01
603051,4.12,4,12.9,54490.3,414153.1,31,31,100.0,1401/01
514311,8.32,1,3.23,3125.9,14427.115,31,31,100.0,1401/01
515022,0.4,1,3.23,861.5,0.307,31,31,100.0,1401/01
529014,8.37,3,9.68,319391.3,390216.1,31,31,100.0,1401/01
519465,0.4,2,6.45,65393.1,8.53,31,31,100.0,1401/01
514943,0.52,2,6.45,608561.4,181770.68,31,31,100.0,1401/01
518141,2.34,4,12.9,176525.0,1619.82,31,31,100.0,1401/01
515467,1.8,4,12.9,293.6,355.586,31,31,100.0,1401/01
518705,2.19,1,3.23,12044.7,4688.517,31,31,100.0,1401/01
516091,0.5,1,3.23,268.7,0.0,31,31,100.0,1401/01
615771,1.13,1,3.23,900.8,269.408,31,31,100.0,1401/01
615123,0.22,2,6.45,4540.0,111.054,31,31,100.0,1401/01
607069,12.24,3,9.68,6.5,304.59,31,31,100.0,1401/01
805347,1.26,3,9.68,131071.0,188187.91,31,31,100.0,1401/01
618310,0.44,7,22.58,4550.5,-5.43,31,31,100.0,1401/01
519313,0.88,1,3.23,10783.6,10704.532,31,31,100.0,1401/01
514421,2.62,4,12.9,8849.6,-108.7,31,31,100.0,1401/01
604294,4.61,1,3.23,15971.0,1628.617,31,31,100.0,1401/01
603131,14.38,1,3.23,96779.0,185135.6,31,31,100.0,1401/01
514563,11.39,5,16.13,589569.8,23036.9,31,31,100.0,1401/01
514564,6.96,15,48.39,569808.0,4081921.1,31,31,100.0,1401/01
515805,3.05,1,3.23,38988.8,119997.3,31,31,100.0,1401/01
604779,3.34,2,6.45,5107.8,8899.329,31,31,100.0,1401/01
518972,4.15,1,3.23,894.2,1918.024,29,31,93.55,1401/01
805896,2.74,1,3.23,54848.6,2236.33,31,31,100.0,1401/01
519047,4.0,1,3.23,3056.7,1780.189,31,31,100.0,1401/01
603351,1.2,1,3.23,0.5,2.753,15,31,48.39,1401/01
911898,2.41,2,6.45,5860.0,540.885,31,31,100.0,1401/01
514051,2.53,1,3.23,245.3,392.404,31,31,100.0,1401/01
107240,2.05,2,6.45,193297.3,311598.01,21,31,67.74,1401/01
514699,3.27,13,41.94,595873.8,1867905.7,31,31,100.0,1401/01
514604,3.48,7,22.58,368006.5,433395.73,31,31,100.0,1401/01
805645,3.22,2,6.45,1360.5,546.944,31,31,100.0,1401/01
514259,5.47,4,12.9,3715.8,3532.951,31,31,100.0,1401/01
911729,0.33,2,6.45,33202.1,35857.95,31,31,100.0,1401/01
603341,11.9,12,38.71,244754.6,2433986.9,31,31,100.0,1401/01
515626,11.79,15,48.39,23754.6,153060.74,31,31,100.0,1401/01
805646,1.36,1,3.23,756.1,581.043,31,31,100.0,1401/01
603277,16.41,1,3.23,41941.8,40777.1,31,31,100.0,1401/01
513475,3.85,1,3.23,3123.1,21.46,31,31,100.0,1401/01
603044,21.65,2,6.45,770.7,87.603,28,31,90.32,1401/01
519996,1.82,1,3.23,79.3,78.762,31,31,100.0,1401/01
518054,1.75,1,3.23,1499.5,8091.356,31,31,100.0,1401/01
107145,8.8,6,19.35,189616.8,90367.16,31,31,100.0,1401/01
107149,9.17,6,19.35,88644.8,454124.26,31,31,100.0,1401/01
529307,5.5,1,3.23,87886.4,10552.87,30,31,96.77,1401/02
514059,2.79,16,51.61,44638.0,234057.64,31,31,100.0,1401/02
515122,11.51,2,6.45,109032.6,285727.4,31,31,100.0,1401/02
605058,4.95,3,9.68,56236.8,67869.06,31,31,100.0,1401/02
209268,3.33,1,3.23,18612.6,4423.62,31,31,100.0,1401/02
515530,6.73,8,25.81,430336.0,259822.58,31,31,100.0,1401/02
102799,6.12,1,3.23,21109.7,3914.63,31,31,100.0,1401/02
517913,2.8,1,3.23,4222.5,14486.81,26,31,83.87,1401/02
529293,28.24,24,77.42,91183.2,6192674.2,31,31,100.0,1401/02
514845,18.4,1,3.23,243877.3,707241.0,31,31,100.0,1401/02
529119,7.34,2,6.45,63018.7,208619.9,31,31,100.0,1401/02
804989,8.73,9,29.03,132405.0,744588.8,31,31,100.0,1401/02
804990,2.18,4,12.9,273683.1,172233.9,24,31,77.42,1401/02
805637,25.07,1,3.23,10642.1,61914.672,31,31,100.0,1401/02
806067,0.71,1,3.23,17681.3,4823.126,31,31,100.0,1401/02
608234,1.05,1,3.23,12.5,94.797,17,31,54.84,1401/02
529013,15.41,1,3.23,2517653.9,697183.5,31,31,100.0,1401/02
517495,9.5,4,12.9,32091.5,127456.59,31,31,100.0,1401/02
515961,0.62,1,3.23,0.2,75.631,21,31,67.74,1401/02
805895,0.78,2,6.45,,2.332,31,31,100.0,1401/02
514968,12.03,1,3.23,12632.4,63655.67,31,31,100.0,1401/02
603246,25.2,1,3.23,98048.0,41940.1,31,31,100.0,1401/02
529339,18.47,1,3.23,125138.3,3713.9,3,31,9.68,1401/02
515074,6.82,3,9.68,33678.9,87379.4,31,31,100.0,1401/02
603043,13.86,1,3.23,10092.5,199.636,31,31,100.0,1401/02
515678,28.18,2,6.45,272181.4,213736.15,31,31,100.0,1401/02
301121,46.71,2,6.45,114780.8,424370.11,31,31,100.0,1401/02
529150,9.21,21,67.74,4011.9,62348.209,31,31,100.0,1401/02
529066,25.83,4,12.9,495208.5,3180679.3,31,31,100.0,1401/02
515023,3.84,2,6.45,3977.7,4702.094,31,31,100.0,1401/02
529176,15.38,1,3.23,418436.1,2445685.6,31,31,100.0,1401/02
603275,2.08,1,3.23,790.7,1321.104,31,31,100.0,1401/02
601426,1.34,1,3.23,165278.2,136213.62,31,31,100.0,1401/02
529021,10.94,1,3.23,204918.1,27237.0,31,31,100.0,1401/02
529161,1.01,4,12.9,2851035.6,378118.4,31,31,100.0,1401/02
517235,0.42,3,9.68,34.2,-14.428,7,31,22.58,1401/02
516265,0.47,2,6.45,18115.6,218.874,31,31,100.0,1401/02
516579,7.46,4,12.9,143519.3,300321.6,31,31,100.0,1401/02
103226,2.74,6,19.35,64805.5,77474.74,31,31,100.0,1401/02
805246,2.51,1,3.23,9171.4,666.225,31,31,100.0,1401/02
529392,29.09,1,3.23,114198.6,347009.4,31,31,100.0,1401/02
604203,3.88,1,3.23,12105.6,8637.29,31,31,100.0,1401/02
805264,0.86,1,3.23,71546.6,1473.22,31,31,100.0,1401/02
603405,2.04,1,3.23,160927.2,91077.74,27,31,87.1,1401/02
514901,3.53,25,80.65,813100.0,4353552.5,31,31,100.0,1401/02
606010,31.82,2,6.45,22919.4,45465.54,31,31,100.0,1401/02
514017,27.42,4,12.9,336084.6,890750.4,31,31,100.0,1401/02
516095,0.3,2,6.45,32.7,5.257,7,31,22.58,1401/02
516620,761.56,22,70.97,165.4,-453221.9,31,31,100.0,1401/02
212153,0.2,2,6.45,98.9,147.982,2,31,6.45,1401/02
530865,1.45,3,9.68,12158.1,410.1,31,31,100.0,1401/02
514494,36.42,3,9.68,16985.0,40058.63,31,31,100.0,1401/02
602603,15.8,2,6.45,43613.6,65686.13,31,31,100.0,1401/02
516353,9.25,1,3.23,157918.1,18618.7,31,31,100.0,1401/02
516380,5.03,1,3.23,39877.2,48769.53,31,31,100.0,1401/02
516370,12.72,1,3.23,48728.0,22091.5,31,31,100.0,1401/02
514660,6.37,7,22.58,141087.5,556758.63,31,31,100.0,1401/02
514656,3.0,5,16.13,98329.9,97692.35,31,31,100.0,1401/02
514097,2.13,29,93.55,607077.1,2523954.97,29,31,93.55,1401/02
618399,2.6,1,3.23,228.7,588.377,31,31,100.0,1401/02
604034,2.65,7,22.58,22182.4,15703.65,31,31,100.0,1401/02
601009,3.0,1,3.23,3683.7,35.74,31,31,100.0,1401/02
444441,9.09,1,3.23,1594934.6,7197.9,31,31,100.0,1401/02
444443,12.45,1,3.23,67497.6,213215.0,31,31,100.0,1401/02
529124,1.17,7,22.58,3703463.0,416073.9,31,31,100.0,1401/02
805663,2.43,1,3.23,22981.2,9999.593,31,31,100.0,1401/02
519093,1.1,1,3.23,11.9,91.27,6,31,19.35,1401/02
518735,2.41,1,3.23,5304.7,273.777,31,31,100.0,1401/02
912528,8.12,1,3.23,16115.3,3449.39,31,31,100.0,1401/02
516771,1.08,1,3.23,144665.8,2771.02,31,31,100.0,1401/02
516834,3.16,5,16.13,26495.8,15612.72,31,31,100.0,1401/02
604472,3.71,1,3.23,148.2,382.744,31,31,100.0,1401/02
100515,2.8,1,3.23,22.6,340.052,31,31,100.0,1401/02
804571,23.5,1,3.23,55789.3,275062.7,31,31,100.0,1401/02
514565,10.79,1,3.23,5954.5,28021.88,31,31,100.0,1401/02
516108,0.35,1,3.23,34651.6,20527.77,17,31,54.84,1401/02
529547,2.04,2,6.45,24804.0,97.427,31,31,100.0,1401/02
604893,3.82,6,19.35,85136.6,81801.42,31,31,100.0,1401/02
524216,0.85,1,3.23,485.0,10.704,31,31,100.0,1401/02
515009,37.28,1,3.23,98653.6,4933.5,31,31,100.0,1401/02
529382,6.66,4,12.9,111095.0,253629.52,31,31,100.0,1401/02
529012,25.6,1,3.23,164634.7,53932.7,31,31,100.0,1401/02
608686,7.14,5,16.13,29102.3,53537.92,31,31,100.0,1401/02
515478,8.45,8,25.81,109.5,-3451.866,31,31,100.0,1401/02
514922,3.94,7,22.58,351.6,-1010.552,31,31,100.0,1401/02
529014,8.27,8,25.81,289011.1,1220010.8,30,31,96.77,1401/02
519465,0.54,2,6.45,66810.0,9.86,31,31,100.0,1401/02
514943,0.44,5,16.13,870833.3,60691.42,31,31,100.0,1401/02
529169,19.45,1,3.23,60225.3,34178.0,31,31,100.0,1401/02
514606,2.62,1,3.23,37320.8,669.137,31,31,100.0,1401/02
515467,0.83,4,12.9,359.5,297.991,31,31,100.0,1401/02
516091,0.4,1,3.23,63.7,465.955,31,31,100.0,1401/02
615123,0.16,2,6.45,4886.6,93.347,31,31,100.0,1401/02
805347,0.53,6,19.35,172052.6,206891.99,31,31,100.0,1401/02
618310,0.47,2,6.45,,0.95,31,31,100.0,1401/02
519313,0.52,1,3.23,13666.6,10.9,31,31,100.0,1401/02
514421,13.1,8,25.81,224061.3,923969.2,31,31,100.0,1401/02
529087,21.02,1,3.23,1507162.9,52806.7,31,31,100.0,1401/02
514255,11.07,11,35.48,2392.0,78555.11,13,31,41.94,1401/02
514564,9.8,1,3.23,510631.8,356859.8,15,31,48.39,1401/02
604779,2.49,4,12.9,8294.0,13638.287,31,31,100.0,1401/02
601122,0.54,1,3.23,2089.6,364.638,31,31,100.0,1401/02
514051,1.84,3,9.68,2128.7,674.406,31,31,100.0,1401/02
514699,3.65,6,19.35,215253.3,487396.5,31,31,100.0,1401/02
541975,0.48,3,9.68,-2207.8,-80.01,7,31,22.58,1401/02
514259,6.4,4,12.9,6424.9,428.184,31,31,100.0,1401/02
804859,0.32,2,6.45,23.5,51.15,7,31,22.58,1401/02
805646,1.31,1,3.23,1977.0,733.935,31,31,100.0,1401/02
514700,1.32,2,6.45,12.4,11.286,31,31,100.0,1401/02
525860,0.4,2,6.45,25.8,0.621,7,31,22.58,1401/02
540710,5.07,2,6.45,2482.2,9264.867,31,31,100.0,1401/02
518328,1.27,1,3.23,338.9,252.83,30,31,96.77,1401/02
518054,1.3,1,3.23,8182.8,16204.989,31,31,100.0,1401/02
107149,22.81,1,3.23,31826.9,86138.82,31,31,100.0,1401/02
107143,19.85,4,12.9,249620.6,434101.1,31,31,100.0,1401/02
514711,18.32,1,3.23,13121.3,16617.65,31,31,100.0,1401/03
515530,9.14,1,3.23,28746.4,23610.71,31,31,100.0,1401/03
200934,19.81,3,9.68,285228.4,39122.5,31,31,100.0,1401/03
515565,6.73,2,6.45,28693.0,81934.96,31,31,100.0,1401/03
529119,8.37,1,3.23,44205.8,15288.5,31,31,100.0,1401/03
804990,3.03,8,25.81,259967.6,142662.59,31,31,100.0,1401/03
806067,0.87,1,3.23,4707.4,2544.327,31,31,100.0,1401/03
529079,17.87,2,6.45,112850.6,410868.9,31,31,100.0,1401/03
541983,1.45,1,3.23,34.9,21.691,6,31,19.35,1401/03
529013,17.6,1,3.23,370611.7,35603.5,31,31,100.0,1401/03
805353,3.98,1,3.23,30955.4,33858.08,23,31,74.19,1401/03
519905,0.57,1,3.23,745.5,20.929,31,31,100.0,1401/03
529107,29.96,1,3.23,82385.8,475598.5,31,31,100.0,1401/03
805895,0.57,1,3.23,1.0,1.668,31,31,100.0,1401/03
604729,2.27,2,6.45,5284.5,1610.06,31,31,100.0,1401/03
601559,1.38,2,6.45,4680.8,1171.88,31,31,100.0,1401/03
519747,3.91,1,3.23,14759.1,1051.36,31,31,100.0,1401/03
529205,18.37,1,3.23,48675.7,20776.46,31,31,100.0,1401/03
518044,0.49,1,3.23,18051.3,4885.905,31,31,100.0,1401/03
301121,41.33,3,9.68,43686.0,41524.83,31,31,100.0,1401/03
529150,11.76,31,100.0,2424.4,-31281.358,31,31,100.0,1401/03
529336,2.05,2,6.45,125.2,-1.789,31,31,100.0,1401/03
529161,1.24,22,70.97,1980618.7,5666514.5,31,31,100.0,1401/03
103226,1.28,10,32.26,96130.8,107588.52,31,31,100.0,1401/03
102531,6.22,2,6.45,66506.5,70236.31,31,31,100.0,1401/03
910902,2.97,3,9.68,170569.9,49590.24,31,31,100.0,1401/03
606010,30.0,1,3.23,1.0,-104.63,31,31,100.0,1401/03
514017,27.08,5,16.13,252608.5,1758482.2,31,31,100.0,1401/03
516620,760.4,19,61.29,825.8,-255327.1,31,31,100.0,1401/03
530865,2.35,2,6.45,3295.4,1500.52,31,31,100.0,1401/03
516691,0.96,1,3.23,19235.7,63.055,31,31,100.0,1401/03
529650,1.5,1,3.23,1394.7,1825.065,31,31,100.0,1401/03
805853,3.39,1,3.23,491.7,260.662,31,31,100.0,1401/03
517930,8.7,1,3.23,87207.1,21825.5,31,31,100.0,1401/03
516355,5.31,1,3.23,47723.8,6554.47,31,31,100.0,1401/03
516353,9.66,1,3.23,78608.6,23815.9,31,31,100.0,1401/03
514094,8.69,1,3.23,302796.7,16270.35,31,31,100.0,1401/03
517921,1.26,1,3.23,8603.5,12.9,31,31,100.0,1401/03
514660,1.77,7,22.58,4108.7,-74340.513,31,31,100.0,1401/03
514097,1.2,31,100.0,676070.2,2920623.78,31,31,100.0,1401/03
517925,2.4,1,3.23,,-39.101,31,31,100.0,1401/03
514441,26.05,2,6.45,586225.8,358069.6,31,31,100.0,1401/03
529124,2.87,2,6.45,1971366.9,4133.4,31,31,100.0,1401/03
805663,1.99,2,6.45,80447.7,21116.8,31,31,100.0,1401/03
603636,0.2,1,3.23,,207.25,24,31,77.42,1401/03
912918,3.41,1,3.23,92306.6,2801.47,31,31,100.0,1401/03
518735,2.25,1,3.23,899.2,370.051,31,31,100.0,1401/03
517968,0.33,1,3.23,5.1,13.241,5,31,16.13,1401/03
603238,1.0,3,9.68,41.3,24.781,31,31,100.0,1401/03
516834,3.5,2,6.45,32788.4,25124.89,31,31,100.0,1401/03
517628,0.25,1,3.23,5218.2,1.301,31,31,100.0,1401/03
804571,22.22,2,6.45,89573.1,40673.4,31,31,100.0,1401/03
515009,36.24,1,3.23,76513.8,11276.5,31,31,100.0,1401/03
514588,22.22,3,9.68,186147.2,37448.298,31,31,100.0,1401/03
529012,15.35,8,25.81,728930.2,1033456.2,31,31,100.0,1401/03
529099,0.85,1,3.23,5779.6,52.263,31,31,100.0,1401/03
515478,9.47,31,100.0,1267.3,-23369.424,31,31,100.0,1401/03
514922,3.04,14,45.16,2137.1,-1991.012,31,31,100.0,1401/03
529014,7.12,9,29.03,1212298.4,1640799.5,31,31,100.0,1401/03
518141,2.74,1,3.23,1075078.9,2388.94,31,31,100.0,1401/03
515467,1.87,1,3.23,40.7,109.106,31,31,100.0,1401/03
615123,0.39,3,9.68,11017.1,91.381,31,31,100.0,1401/03
805876,1.22,1,3.23,1030.0,64.667,31,31,100.0,1401/03
805347,0.84,5,16.13,150637.4,169945.81,31,31,100.0,1401/03
514255,9.21,14,45.16,2372.0,75827.553,31,31,100.0,1401/03
517446,0.2,1,3.23,4.0,2.91,1,31,3.23,1401/03
804310,2.91,4,12.9,804.7,297.454,31,31,100.0,1401/03
517400,0.4,1,3.23,2.2,3.115,1,31,3.23,1401/03
911408,0.41,1,3.23,1273.5,9.274,31,31,100.0,1401/03
515672,2.49,3,9.68,3685.8,1793.482,22,31,70.97,1401/03
805708,0.1,1,3.23,12.6,4.521,1,31,3.23,1401/03
514699,1.99,12,38.71,358686.0,1450572.4,31,31,100.0,1401/03
516876,0.3,1,3.23,329.3,355.684,1,31,3.23,1401/03
516476,1.4,1,3.23,2655.2,3.587,31,31,100.0,1401/03
514259,3.61,7,22.58,20410.2,2292.494,31,31,100.0,1401/03
518127,0.5,1,3.23,9.5,1.618,31,31,100.0,1401/03
517124,2.08,1,3.23,60275.1,5210.29,31,31,100.0,1401/03
602588,1.61,4,12.9,653.0,743.062,31,31,100.0,1401/03
529193,1.24,7,22.58,11809.1,3228.05,31,31,100.0,1401/03
100507,0.41,2,6.45,1350.3,16.852,31,31,100.0,1401/03
540710,5.75,4,12.9,2900.9,23071.397,31,31,100.0,1401/03
107149,18.87,3,9.68,45723.8,100257.23,31,31,100.0,1401/03
602411,1.88,1,3.23,5031.6,1136.184,31,31,100.0,1401/04
515565,6.53,2,6.45,29632.1,4939.87,31,31,100.0,1401/04
804990,2.31,7,22.58,111682.9,107196.1,31,31,100.0,1401/04
806067,0.79,1,3.23,5240.0,84.41,31,31,100.0,1401/04
529079,18.74,1,3.23,84932.9,49361.1,31,31,100.0,1401/04
910813,8.59,2,6.45,63.0,1452.368,31,31,100.0,1401/04
529108,21.83,1,3.23,165459.6,44755.7,31,31,100.0,1401/04
515961,0.6,1,3.23,37.0,6.787,31,31,100.0,1401/04
805895,0.67,2,6.45,,0.07,31,31,100.0,1401/04
517316,4.02,1,3.23,10605.0,588.86,31,31,100.0,1401/04
601559,1.58,3,9.68,5079.5,348.182,31,31,100.0,1401/04
514968,12.45,1,3.23,24367.8,16415.12,31,31,100.0,1401/04
517936,2.7,1,3.23,100031.4,904.8,31,31,100.0,1401/04
912936,0.44,2,6.45,195.7,3.689,31,31,100.0,1401/04
514025,0.35,1,3.23,1.5,-55664.65,27,31,87.1,1401/04
516824,4.18,1,3.23,1024.6,100.936,31,31,100.0,1401/04
615159,2.77,1,3.23,26.0,34.278,31,31,100.0,1401/04
529150,11.19,31,100.0,14988.0,-29424.09,31,31,100.0,1401/04
529161,13.11,12,38.71,443407.2,2293207.0,31,31,100.0,1401/04
804872,8.67,1,3.23,233285.2,20862.7,31,31,100.0,1401/04
805007,58.3,3,9.68,0.0,164.1,31,31,100.0,1401/04
212153,17.42,1,3.23,52.8,4656.805,9,31,29.03,1401/04
530865,2.78,2,6.45,3153.9,2081.958,31,31,100.0,1401/04
516691,0.82,1,3.23,3150.7,9.128,31,31,100.0,1401/04
601510,2.95,1,3.23,193.8,221.435,31,31,100.0,1401/04
222224,0.73,1,3.23,33.5,74.364,4,31,12.9,1401/04
517930,8.72,1,3.23,72709.5,20626.9,31,31,100.0,1401/04
514095,2.71,1,3.23,103786.7,174805.34,31,31,100.0,1401/04
516355,5.78,1,3.23,91987.0,6940.67,31,31,100.0,1401/04
517921,1.0,1,3.23,,-2.86,31,31,100.0,1401/04
514097,1.2,31,100.0,652742.5,2819846.63,31,31,100.0,1401/04
517925,49.03,1,3.23,,115.528,31,31,100.0,1401/04
618399,2.31,1,3.23,8527.8,955.265,31,31,100.0,1401/04
604034,3.01,1,3.23,13156.9,971.79,31,31,100.0,1401/04
601009,3.45,3,9.68,6569.4,634.17,31,31,100.0,1401/04
529124,1.82,1,3.23,2074263.5,2629.4,31,31,100.0,1401/04
805663,1.81,4,12.9,97360.2,661.29,31,31,100.0,1401/04
602871,35.25,1,3.23,37500.1,69916.4,31,31,100.0,1401/04
805135,0.49,1,3.23,7.5,3.646,31,31,100.0,1401/04
518172,0.9,1,3.23,11977.5,239.793,31,31,100.0,1401/04
912919,5.2,1,3.23,11614.6,3739.03,31,31,100.0,1401/04
518735,2.23,2,6.45,5953.7,352.248,31,31,100.0,1401/04
514349,23.5,1,3.23,753262.1,30465.0,31,31,100.0,1401/04
518384,2.93,3,9.68,23.4,68.652,31,31,100.0,1401/04
604801,1.95,1,3.23,3820.1,408.859,31,31,100.0,1401/04
804571,22.05,1,3.23,51876.8,360732.6,31,31,100.0,1401/04
529547,1.72,2,6.45,6073.9,21.748,31,31,100.0,1401/04
607067,9.52,1,3.23,65641.9,2098.5,31,31,100.0,1401/04
524216,0.5,2,6.45,546.6,9.756,31,31,100.0,1401/04
529580,2.62,1,3.23,3317.0,1267.757,31,31,100.0,1401/04
529012,20.72,3,9.68,322146.9,42479.7,31,31,100.0,1401/04
529099,0.92,2,6.45,3292.7,48.803,31,31,100.0,1401/04
602414,0.58,1,3.23,5981.6,17.434,31,31,100.0,1401/04
107146,24.16,1,3.23,10664.2,46563.73,31,31,100.0,1401/04
515478,8.94,31,100.0,835.7,-23530.1,31,31,100.0,1401/04
514922,3.13,6,19.35,565.9,-317.149,31,31,100.0,1401/04
805657,1.8,7,22.58,6840.2,18809.925,31,31,100.0,1401/04
529014,4.19,16,51.61,1415270.4,2909972.0,31,31,100.0,1401/04
518141,1.41,4,12.9,1929768.3,1076.13,31,31,100.0,1401/04
515467,0.4,4,12.9,0.4,4.937,31,31,100.0,1401/04
615771,0.47,1,3.23,89.6,2.773,31,31,100.0,1401/04
615123,0.38,4,12.9,12039.9,79.716,31,31,100.0,1401/04
805347,0.78,8,25.81,149262.6,95461.9,31,31,100.0,1401/04
604352,1.32,2,6.45,1224.5,5.581,31,31,100.0,1401/04
514563,17.11,1,3.23,88580.7,12077.4,31,31,100.0,1401/04
517446,1.62,1,3.23,8.1,-2.91,31,31,100.0,1401/04
804310,1.98,1,3.23,743.5,86.687,31,31,100.0,1401/04
806498,2.51,1,3.23,59210.6,2744.2,31,31,100.0,1401/04
517400,1.45,1,3.23,6.7,-3.115,31,31,100.0,1401/04
805708,1.73,1,3.23,34.1,231.142,31,31,100.0,1401/04
514699,3.53,6,19.35,581277.2,492944.5,31,31,100.0,1401/04
805645,4.7,1,3.23,1064.4,277.079,31,31,100.0,1401/04
516876,1.72,1,3.23,8.0,-329.709,31,31,100.0,1401/04
516476,1.02,2,6.45,8223.8,5923.514,31,31,100.0,1401/04
514259,5.48,3,9.68,11542.5,2281.242,31,31,100.0,1401/04
911729,1.39,3,9.68,26710.8,84.91,31,31,100.0,1401/04
529148,0.7,1,3.23,20.3,152.995,5,31,16.13,1401/04
518127,0.46,1,3.23,3.7,1.169,31,31,100.0,1401/04
529201,6.71,1,3.23,296689.9,16774.4,31,31,100.0,1401/04
524002,1.95,1,3.23,0.0,151.154,31,31,100.0,1401/04
107149,18.82,2,6.45,22140.6,4789.63,31,31,100.0,1401/04
515122,11.14,1,3.23,120653.3,27090.1,31,31,100.0,1401/05
519042,0.65,10,32.26,10376.5,858.157,31,31,100.0,1401/05
515565,6.46,2,6.45,34651.5,5189.0,31,31,100.0,1401/05
529293,27.82,18,58.06,96406.5,7044367.3,31,31,100.0,1401/05
529119,8.69,1,3.23,61483.2,21657.6,31,31,100.0,1401/05
806067,0.68,3,9.68,2471.6,250.324,31,31,100.0,1401/05
529079,7.48,18,58.06,703574.2,2719909.6,31,31,100.0,1401/05
514050,4.74,1,3.23,98543.4,5909.76,31,31,100.0,1401/05
518131,2.35,1,3.23,9.3,149.959,2,31,6.45,1401/05
514618,3.55,3,9.68,5176.0,14656.695,31,31,100.0,1401/05
529044,16.91,1,3.23,24807.0,33313.44,31,31,100.0,1401/05
519905,0.67,1,3.23,4411.6,10.728,31,31,100.0,1401/05
529107,29.77,1,3.23,112170.5,55417.6,31,31,100.0,1401/05
515961,0.63,1,3.23,41.1,6.266,31,31,100.0,1401/05
805895,0.63,2,6.45,1.4,6.28,31,31,100.0,1401/05
604729,1.8,1,3.23,4375.7,254.943,31,31,100.0,1401/05
912936,0.24,2,6.45,1462.4,4.677,31,31,100.0,1401/05
804970,0.4,1,3.23,5.6,10.743,31,31,100.0,1401/05
529150,10.45,31,100.0,22638.5,-27799.18,31,31,100.0,1401/05
622093,0.68,1,3.23,238.7,358.705,31,31,100.0,1401/05
525966,2.52,1,3.23,6422.1,59.709,31,31,100.0,1401/05
910902,11.16,2,6.45,2794.3,325.33,31,31,100.0,1401/05
515157,0.65,8,25.81,17097.0,326.865,31,31,100.0,1401/05
100085,31.92,5,16.13,7139.7,823780.6,31,31,100.0,1401/05
805007,80.24,1,3.23,,643.9,31,31,100.0,1401/05
212151,4.28,6,19.35,30952.8,10787.343,31,31,100.0,1401/05
601510,3.01,1,3.23,572.7,153.101,31,31,100.0,1401/05
515468,2.57,1,3.23,4138.5,857.483,31,31,100.0,1401/05
514095,2.18,3,9.68,317424.5,192994.22,31,31,100.0,1401/05
516384,31.27,1,3.23,87411.7,73304.4,31,31,100.0,1401/05
514097,1.2,31,100.0,629436.2,2719164.48,31,31,100.0,1401/05
618399,2.22,1,3.23,2699.6,235.009,31,31,100.0,1401/05
601009,1.77,1,3.23,,61.74,31,31,100.0,1401/05
529124,2.12,2,6.45,1380928.5,1934.3,31,31,100.0,1401/05
805663,1.39,6,19.35,149840.2,12273.85,31,31,100.0,1401/05
602871,33.23,1,3.23,115687.0,67217.6,31,31,100.0,1401/05
805135,0.35,1,3.23,,0.356,31,31,100.0,1401/05
518172,0.64,1,3.23,14556.4,198.368,31,31,100.0,1401/05
518735,1.94,3,9.68,4918.6,327.389,31,31,100.0,1401/05
602795,1.11,2,6.45,12.0,37.4,31,31,100.0,1401/05
518384,2.77,2,6.45,70.9,107.895,31,31,100.0,1401/05
529302,8.16,1,3.23,196899.6,434092.0,31,31,100.0,1401/05
524216,0.48,2,6.45,474.1,6.319,31,31,100.0,1401/05
602414,0.62,3,9.68,24021.2,16.669,31,31,100.0,1401/05
515478,8.23,18,58.06,26097.2,-4450.02,31,31,100.0,1401/05
517884,19.15,1,3.23,34830.6,34667.6,31,31,100.0,1401/05
514922,2.94,7,22.58,244.2,-668.947,31,31,100.0,1401/05
805657,2.23,18,58.06,11028.1,60609.871,31,31,100.0,1401/05
529014,5.41,9,29.03,1132644.4,1272065.4,31,31,100.0,1401/05
913163,6.33,1,3.23,38.3,1775.268,31,31,100.0,1401/05
518141,1.85,2,6.45,1967225.9,1463.25,31,31,100.0,1401/05
515467,0.35,6,19.35,416.5,226.509,31,31,100.0,1401/05
615123,0.17,1,3.23,11237.6,1207.779,31,31,100.0,1401/05
805347,0.66,1,3.23,36848.1,1441.65,31,31,100.0,1401/05
618310,0.4,1,3.23,,-0.77,31,31,100.0,1401/05
604779,1.9,1,3.23,14282.7,916.1,31,31,100.0,1401/05
518972,3.73,1,3.23,75.0,89.793,31,31,100.0,1401/05
804310,2.78,5,16.13,629.3,72.437,31,31,100.0,1401/05
806498,1.41,2,6.45,163229.5,906.62,31,31,100.0,1401/05
529254,12.96,1,3.23,164113.9,34043.7,31,31,100.0,1401/05
515672,3.16,2,6.45,942.1,187.516,31,31,100.0,1401/05
514699,4.9,3,9.68,196364.0,1904.4,31,31,100.0,1401/05
603033,1.25,1,3.23,52.8,435.289,8,31,25.81,1401/05
514259,16.54,3,9.68,7134.1,996.707,31,31,100.0,1401/05
911729,1.69,2,6.45,6697.2,191.75,31,31,100.0,1401/05
524002,2.37,1,3.23,294.3,233.429,31,31,100.0,1401/05
100507,1.5,1,3.23,23.2,97.101,31,31,100.0,1401/05
804229,5.43,1,3.23,564.2,3885.269,9,31,29.03,1401/05
107145,8.71,1,3.23,49787.1,9793.81,31,31,100.0,1401/05
107149,18.04,2,6.45,54357.7,7864.7,31,31,100.0,1401/05
516050,2.17,5,16.13,8305.6,1023.56,31,31,100.0,1401/05
529232,5.56,1,3.23,96.0,2405.053,13,31,41.94,1401/06
911508,0.37,1,3.23,75.1,30.133,5,31,16.13,1401/06
515122,12.37,1,3.23,61884.3,27269.0,31,31,100.0,1401/06
515855,7.83,1,3.23,14582.8,7879.3,31,31,100.0,1401/06
515530,4.7,3,9.68,,-32.69,31,31,100.0,1401/06
804014,8.95,1,3.23,1509.3,15820.504,31,31,100.0,1401/06
519042,0.43,12,38.71,16245.5,894.081,31,31,100.0,1401/06
515565,6.67,1,3.23,27494.3,4239.96,31,31,100.0,1401/06
603015,2.41,13,41.94,603398.7,2732448.8,31,31,100.0,1401/06
529293,26.58,7,22.58,89627.6,2817008.9,31,31,100.0,1401/06
806067,0.64,2,6.45,11346.5,62.641,31,31,100.0,1401/06
529079,1.2,31,100.0,1051300.5,4133311.3,31,31,100.0,1401/06
529057,6.23,1,3.23,70537.1,5389.9,31,31,100.0,1401/06
529154,2.16,4,12.9,139847.5,145578.9,31,31,100.0,1401/06
519905,5.22,2,6.45,1618.5,117.984,31,31,100.0,1401/06
529107,14.34,5,16.13,128578.2,596062.7,31,31,100.0,1401/06
107064,17.82,1,3.23,248.8,216593.19,31,31,100.0,1401/06
517316,3.28,1,3.23,36401.6,786.15,31,31,100.0,1401/06
529205,18.81,1,3.23,49749.3,20854.6,31,31,100.0,1401/06
515678,27.34,2,6.45,264543.1,454581.9,31,31,100.0,1401/06
615159,3.61,1,3.23,261.7,123.998,31,31,100.0,1401/06
529150,8.91,22,70.97,40568.5,-22612.05,31,31,100.0,1401/06
622093,0.86,1,3.23,1318.9,228.61,31,31,100.0,1401/06
529066,22.82,8,25.81,1081537.2,5343525.0,31,31,100.0,1401/06
103226,0.3,1,3.23,,-0.3,31,31,100.0,1401/06
805246,2.37,2,6.45,55814.9,945.34,31,31,100.0,1401/06
102531,5.97,1,3.23,85438.2,9248.86,31,31,100.0,1401/06
529081,13.32,1,3.23,68777.0,29412.2,31,31,100.0,1401/06
604203,2.18,1,3.23,15881.1,3133.88,31,31,100.0,1401/06
516618,0.37,1,3.23,61.4,23.065,5,31,16.13,1401/06
602429,21.73,1,3.23,335.1,29087.63,31,31,100.0,1401/06
603405,2.19,5,16.13,350549.2,210045.9,31,31,100.0,1401/06
606010,30.89,1,3.23,30674.9,51375.1,31,31,100.0,1401/06
100085,31.85,31,100.0,43328.7,4967528.9,31,31,100.0,1401/06
805007,1.7,1,3.23,,170.3,31,31,100.0,1401/06
100669,33.29,1,3.23,8398.2,17168.78,31,31,100.0,1401/06
517715,5.71,2,6.45,37250.4,4865.3,31,31,100.0,1401/06
517304,18.15,1,3.23,15934.2,34377.0,31,31,100.0,1401/06
514094,7.02,3,9.68,135485.9,346507.6,31,31,100.0,1401/06
517928,10.8,1,3.23,58280.4,24482.8,31,31,100.0,1401/06
516374,3.34,2,6.45,48542.4,355.02,31,31,100.0,1401/06
514097,1.2,31,100.0,606110.0,2618394.76,31,31,100.0,1401/06
618399,2.45,1,3.23,487.3,603.616,31,31,100.0,1401/06
805663,1.55,5,16.13,168347.5,671.04,31,31,100.0,1401/06
518172,0.46,2,6.45,23162.2,95.733,31,31,100.0,1401/06
602795,1.08,2,6.45,186.4,95.485,31,31,100.0,1401/06
924082,5.2,2,6.45,850843.5,11023.0,31,31,100.0,1401/06
529580,2.24,1,3.23,32910.0,998.72,31,31,100.0,1401/06
529099,0.66,3,9.68,2831.3,4113.455,31,31,100.0,1401/06
602414,0.67,6,19.35,8111.7,6.923,31,31,100.0,1401/06
602498,1.77,5,16.13,583.9,297.794,31,31,100.0,1401/06
805657,1.63,15,48.39,10040.4,28388.695,31,31,100.0,1401/06
518141,1.14,1,3.23,2532857.5,963.91,31,31,100.0,1401/06
515117,2.61,1,3.23,14383.7,371.09,31,31,100.0,1401/06
618310,0.37,3,9.68,,-0.61,31,31,100.0,1401/06
514255,3.4,1,3.23,,-53.442,31,31,100.0,1401/06
514563,9.1,2,6.45,581.0,2014.8,31,31,100.0,1401/06
804310,1.61,5,16.13,583.1,51.174,31,31,100.0,1401/06
519044,1.83,1,3.23,13937.5,1578.84,31,31,100.0,1401/06
806498,1.13,2,6.45,150446.7,79.86,31,31,100.0,1401/06
529053,15.34,3,9.68,1412734.5,1002398.0,31,31,100.0,1401/06
515672,3.2,1,3.23,356.7,128.003,31,31,100.0,1401/06
514604,3.92,7,22.58,1616964.5,571116.5,31,31,100.0,1401/06
618005,4.59,1,3.23,14128.6,7371.56,31,31,100.0,1401/06
516876,1.33,1,3.23,8.5,57.657,31,31,100.0,1401/06
514259,2.83,1,3.23,,176.99,31,31,100.0,1401/06
911729,0.44,6,19.35,31303.1,54820.96,31,31,100.0,1401/06
529202,14.27,2,6.45,336341.5,706629.8,31,31,100.0,1401/06
529201,5.75,1,3.23,209069.6,15230.2,31,31,100.0,1401/06
514365,8.29,1,3.23,5068.7,1564.42,31,31,100.0,1401/06
524002,1.73,1,3.23,996.9,209.343,31,31,100.0,1401/06
602588,1.97,3,9.68,1650.0,187.217,29,31,93.55,1401/06
514700,23.88,11,35.48,86.9,-5302.469,31,31,100.0,1401/06
515367,1.16,1,3.23,36077.7,813.39,31,31,100.0,1401/06
107145,8.38,5,16.13,174788.4,104894.38,31,31,100.0,1401/06
107149,19.44,1,3.23,5932.9,5738.4,31,31,100.0,1401/06
529150,6.3,3,10.0,12016.1,-2244.4,14,30,46.67,1401/07
615609,0.1,1,3.33,,-1.017,14,30,46.67,1401/07
805007,2.0,1,3.33,,6.4,13,30,43.33,1401/07
911508,1.18,6,20.0,22568.0,2215.496,30,30,100.0,1402/07
514765,2.91,13,43.33,3073088.9,10510858.0,30,30,100.0,1402/07
603353,9.77,5,16.67,269439.4,182026.3,30,30,100.0,1402/07
618400,0.42,4,13.33,377500.5,354494.7,30,30,100.0,1402/07
603185,7.56,5,16.67,290561.6,13312.5,30,30,100.0,1402/07
603161,17.37,1,3.33,12068.4,22785.1,30,30,100.0,1402/07
514711,8.76,2,6.67,809661.2,13118.7,30,30,100.0,1402/07
519042,0.36,15,50.0,24574.7,7452.729,30,30,100.0,1402/07
515565,7.43,1,3.33,53271.7,5965.09,30,30,100.0,1402/07
603020,21.49,1,3.33,61704.4,39514.9,30,30,100.0,1402/07
603015,3.0,3,10.0,451960.1,1662358.5,30,30,100.0,1402/07
 تبادل چاه شماره 6,2.31,1,3.33,115738.4,5009.79,30,30,100.0,1402/07
چاه حاجی آباد,2.1,8,26.67,73.7,801.983,24,30,80.0,1402/07
529109,33.4,11,36.67,154458.0,7424083.0,30,30,100.0,1402/07
514845,16.19,1,3.33,445768.6,41170.0,30,30,100.0,1402/07
804989,7.48,7,23.33,850638.9,747810.6,29,30,96.67,1402/07
804990,4.43,6,20.0,481592.8,557113.06,30,30,100.0,1402/07
529123,2.99,1,3.33,857553.7,7621.3,16,30,53.33,1402/07
516335,1.31,2,6.67,50.7,44.731,30,30,100.0,1402/07
806067,1.26,2,6.67,5896.0,531.561,30,30,100.0,1402/07
601523,0.37,2,6.67,,0.778,30,30,100.0,1402/07
806526,109.17,2,6.67,,-299.45,30,30,100.0,1402/07
603280,23.22,2,6.67,287404.9,811290.8,30,30,100.0,1402/07
529041,1.82,2,6.67,582290.1,3929.3,30,30,100.0,1402/07
603124,19.83,1,3.33,26800.1,27403.1,30,30,100.0,1402/07
805081,2.85,1,3.33,11053.2,350.9,30,30,100.0,1402/07
513023,11.92,1,3.33,236.7,376.163,30,30,100.0,1402/07
514618,2.49,2,6.67,25138.1,15207.11,30,30,100.0,1402/07
603599,1.25,3,10.0,173.3,678.92,30,30,100.0,1402/07
618327,0.51,1,3.33,14242.3,13515.54,30,30,100.0,1402/07
514009,19.21,1,3.33,679.5,25518.2,22,30,73.33,1402/07
519905,4.07,2,6.67,12052.4,682.08,30,30,100.0,1402/07
515808,1.93,9,30.0,268689.9,118372.06,30,30,100.0,1402/07
516321,1.78,2,6.67,53.0,46.977,30,30,100.0,1402/07
529107,1.51,7,23.33,946098.5,-17.4,30,30,100.0,1402/07
523005,3.57,2,6.67,48229.3,3653.46,30,30,100.0,1402/07
805895,0.72,1,3.33,,3.042,30,30,100.0,1402/07
514968,10.37,1,3.33,59501.9,14136.3,30,30,100.0,1402/07
603246,8.97,4,13.33,7573.2,-834023.569,30,30,100.0,1402/07
514334,29.32,2,6.67,282513.6,43756.3,30,30,100.0,1402/07
300194,1.12,2,6.67,0.0,51.513,30,30,100.0,1402/07
517369,1.83,5,16.67,85567.7,1579.21,30,30,100.0,1402/07
603396,22.84,1,3.33,65319.5,35145.4,30,30,100.0,1402/07
609154,0.51,2,6.67,,2.794,30,30,100.0,1402/07
603245,4.4,2,6.67,,45.2,30,30,100.0,1402/07
517200,7.72,4,13.33,308549.0,10482.7,30,30,100.0,1402/07
515078,0.63,2,6.67,12.0,65.862,6,30,20.0,1402/07
912936,1.25,2,6.67,620.7,11.957,30,30,100.0,1402/07
804970,0.54,2,6.67,16.1,4.05,30,30,100.0,1402/07
603108,11.09,3,10.0,334227.2,8906.3,30,30,100.0,1402/07
606229,24.96,1,3.33,226946.8,25373.7,30,30,100.0,1402/07
603291,5.06,8,26.67,230027.3,732195.7,30,30,100.0,1402/07
622169,1.35,1,3.33,5483.2,221.096,30,30,100.0,1402/07
515678,11.65,1,3.33,1395123.7,2258.0,4,30,13.33,1402/07
301121,49.4,1,3.33,227262.1,99873.0,30,30,100.0,1402/07
519664,1.52,6,20.0,6775.3,125.25,30,30,100.0,1402/07
529115,15.26,2,6.67,73543.0,159467.1,30,30,100.0,1402/07
515800,13.83,3,10.0,1203365.4,19070.0,30,30,100.0,1402/07
541763,0.55,1,3.33,,2.55,30,30,100.0,1402/07
516579,6.6,1,3.33,120391.1,6930.5,30,30,100.0,1402/07
804714,3.14,21,70.0,2858.9,30842.43,30,30,100.0,1402/07
805246,1.59,2,6.67,62113.4,251.2,30,30,100.0,1402/07
519309,1.25,1,3.33,143.2,30.482,29,30,96.67,1402/07
519195,10.15,3,10.0,25276.9,130676.45,30,30,100.0,1402/07
606085,5.08,10,33.33,20851.5,-13828.194,20,30,66.67,1402/07
111122,1.66,3,10.0,78551.0,208.46,30,30,100.0,1402/07
603405,22.02,4,13.33,20743.7,82106.09,30,30,100.0,1402/07
606006,16.36,4,13.33,12566.5,68062.96,30,30,100.0,1402/07
517268,0.8,2,6.67,12.8,6.626,6,30,20.0,1402/07
514018,2.75,10,33.33,1991063.0,2789765.3,30,30,100.0,1402/07
209317,18.24,2,6.67,36590.5,2070.81,30,30,100.0,1402/07
212141,2.03,1,3.33,1554321.6,2980.4,19,30,63.33,1402/07
100669,2.5,5,16.67,383387.2,150.7,30,30,100.0,1402/07
805869,1.9,5,16.67,5881.6,294.896,30,30,100.0,1402/07
515134,0.7,3,10.0,,5.614,21,30,70.0,1402/07
603550,6.62,1,3.33,528143.1,774369.0,30,30,100.0,1402/07
517930,6.2,3,10.0,780592.8,11956.3,30,30,100.0,1402/07
516368,31.19,3,10.0,78307.2,788725.2,30,30,100.0,1402/07
516355,8.49,1,3.33,138125.3,9160.8,30,30,100.0,1402/07
517929,7.55,4,13.33,1754032.0,10915.0,30,30,100.0,1402/07
516370,4.55,4,13.33,307368.1,588.5,30,30,100.0,1402/07
517928,1.59,3,10.0,314100.5,10.7,30,30,100.0,1402/07
517934,1.88,15,50.0,13465126.9,10131038.0,30,30,100.0,1402/07
515269,34.26,1,3.33,37446.4,69543.0,30,30,100.0,1402/07
514660,1.6,5,16.67,28633.6,103084.4,30,30,100.0,1402/07
517925,21.73,2,6.67,694.3,506.501,30,30,100.0,1402/07
514441,36.73,2,6.67,1286802.6,71055.0,30,30,100.0,1402/07
514000,2.89,5,16.67,5466066.6,1798.7,30,30,100.0,1402/07
603078,12.22,8,26.67,1029063.1,3712754.3,30,30,100.0,1402/07
516024,0.59,1,3.33,2245.5,33.003,30,30,100.0,1402/07
603367,18.1,3,10.0,7357.5,27037.2,30,30,100.0,1402/07
805147,12.87,2,6.67,1048998.6,12296.4,30,30,100.0,1402/07
515473,2.21,2,6.67,226.2,56.634,30,30,100.0,1402/07
200718,0.45,2,6.67,2662.9,4792.558,30,30,100.0,1402/07
516834,2.69,1,3.33,3069.3,4686.8,30,30,100.0,1402/07
529311,1.25,2,6.67,135.6,-83.628,5,30,16.67,1402/07
804839,8.38,1,3.33,104315.5,4824.9,30,30,100.0,1402/07
606137,25.24,5,16.67,953195.0,2372945.0,30,30,100.0,1402/07
804571,13.83,5,16.67,496842.8,1214661.5,29,30,96.67,1402/07
529227,15.15,1,3.33,37213.9,30792.7,30,30,100.0,1402/07
604218,1.0,1,3.33,,-7.9,30,30,100.0,1402/07
524216,1.07,1,3.33,281.4,42.106,30,30,100.0,1402/07
515009,21.67,1,3.33,33394.7,5872.0,30,30,100.0,1402/07
529146,10.74,5,16.67,447275.2,1066009.0,30,30,100.0,1402/07
515952,13.46,1,3.33,1767430.8,24580.6,30,30,100.0,1402/07
529151,9.04,6,20.0,195218.0,531.5,30,30,100.0,1402/07
514027,1.08,2,6.67,26.3,48.278,5,30,16.67,1402/07
514176,1.0,1,3.33,12.3,71.64,4,30,13.33,1402/07
603267,0.3,1,3.33,,2.069,2,30,6.67,1402/07
615171,1.01,3,10.0,21046.7,17362.836,30,30,100.0,1402/07
602414,0.55,1,3.33,1229.8,0.562,30,30,100.0,1402/07
603051,25.68,1,3.33,765326.5,1981757.6,30,30,100.0,1402/07
603362,8.64,7,23.33,10027776.6,2227534.0,30,30,100.0,1402/07
514606,2.04,1,3.33,3693.5,354.707,29,30,96.67,1402/07
603104,0.87,2,6.67,22.2,-34.815,6,30,20.0,1402/07
603366,0.95,1,3.33,13.9,79.777,4,30,13.33,1402/07
603269,0.5,1,3.33,,0.587,6,30,20.0,1402/07
603131,4.4,1,3.33,166311.4,1.5,30,30,100.0,1402/07
603023,14.62,1,3.33,10304.9,11376.7,30,30,100.0,1402/07
514564,4.22,13,43.33,3871400.3,5543086.8,29,30,96.67,1402/07
515811,3.42,5,16.67,1200829.9,1790015.8,30,30,100.0,1402/07
513412,37.62,4,13.33,153289.4,225342.27,30,30,100.0,1402/07
515066,1.56,6,20.0,159504.1,200106.6,30,30,100.0,1402/07
924132,6.05,1,3.33,26.3,22.461,2,30,6.67,1402/07
804310,1.64,3,10.0,4345.1,35.31,30,30,100.0,1402/07
603351,10.75,9,30.0,725868.9,2994193.9,30,30,100.0,1402/07
622014,14.42,1,3.33,97986.8,25411.5,30,30,100.0,1402/07
911898,3.0,1,3.33,11552.8,1363.45,30,30,100.0,1402/07
604652,2.31,1,3.33,6617.0,292.669,30,30,100.0,1402/07
529053,7.88,2,6.67,267152.1,9894.0,30,30,100.0,1402/07
209595,1.17,1,3.33,9144.3,73.162,30,30,100.0,1402/07
517055,7.1,1,3.33,194716.4,2030.1,30,30,100.0,1402/07
529033,1.08,2,6.67,26.9,50.371,5,30,16.67,1402/07
103815,2.48,2,6.67,7576.0,304.798,30,30,100.0,1402/07
618005,4.84,1,3.33,2758.8,1246.41,30,30,100.0,1402/07
603552,8.96,1,3.33,734.3,179.268,30,30,100.0,1402/07
603160,11.61,3,10.0,492404.4,254379.1,30,30,100.0,1402/07
804622,36.2,1,3.33,80.0,20730.88,30,30,100.0,1402/07
804620,28.09,8,26.67,13152.4,282883.9,30,30,100.0,1402/07
911729,0.32,3,10.0,37295.3,53704.72,30,30,100.0,1402/07
515626,20.67,1,3.33,880972.7,21256.1,14,30,46.67,1402/07
805646,0.98,3,10.0,125209.4,205.07,30,30,100.0,1402/07
515187,9.07,3,10.0,441063.9,96234.4,24,30,80.0,1402/07
524002,2.82,1,3.33,532.3,581.464,30,30,100.0,1402/07
603044,8.9,2,6.67,230.4,427.875,17,30,56.67,1402/07
603203,6.92,13,43.33,2552763.5,7185.6,30,30,100.0,1402/07
514691,6.84,1,3.33,639056.2,902676.9,30,30,100.0,1402/07
516027,6.14,2,6.67,1232402.6,6241.2,30,30,100.0,1402/07
603046,10.21,2,6.67,101164.2,37037.65,30,30,100.0,1402/07
517491,5.01,1,3.33,914.9,332.172,30,30,100.0,1402/07
107145,8.07,8,26.67,504778.7,960286.4,30,30,100.0,1402/07
107149,19.23,1,3.33,76926.5,8157.6,18,30,60.0,1402/07
529434,2.02,2,6.67,27631.5,3366.5,30,30,100.0,1402/07
911508,1.41,6,20.0,19096.3,82.462,30,30,100.0,1402/08
603107,15.08,1,3.33,56.4,2803.5,30,30,100.0,1402/08
514765,4.3,4,13.33,3673413.0,1314245.0,20,30,66.67,1402/08
603353,4.99,6,20.0,178709.2,3624.9,30,30,100.0,1402/08
618400,0.4,1,3.33,,0.2,30,30,100.0,1402/08
603185,7.92,4,13.33,59584.9,14001.8,30,30,100.0,1402/08
519042,0.28,11,36.67,23809.0,9646.302,30,30,100.0,1402/08
515565,7.62,1,3.33,56771.4,6164.12,30,30,100.0,1402/08
603020,12.7,3,10.0,27116.4,9605.2,30,30,100.0,1402/08
603015,17.84,9,30.0,1988554.2,1733363.8,30,30,100.0,1402/08
شهرک صنعتی,6.79,1,3.33,7635.7,7662.1,30,30,100.0,1402/08
 تبادل چاه شماره 6,0.96,1,3.33,136079.7,86.56,16,30,53.33,1402/08
529109,32.3,17,56.67,249152.8,14752036.0,30,30,100.0,1402/08
514845,15.54,3,10.0,831446.8,1429912.0,30,30,100.0,1402/08
529119,7.31,5,16.67,3650.4,9384.171,17,30,56.67,1402/08
804990,1.02,16,53.33,807501.5,715605.68,30,30,100.0,1402/08
516335,1.4,1,3.33,63.4,23.282,30,30,100.0,1402/08
806067,0.93,4,13.33,3356.6,95.448,30,30,100.0,1402/08
603280,1.33,3,10.0,649421.7,794010.8,30,30,100.0,1402/08
529041,10.37,12,40.0,142946.0,799870.0,30,30,100.0,1402/08
925137,4.12,1,3.33,2092.6,1044.023,24,30,80.0,1402/08
514511,7.79,4,13.33,26521.4,57695.83,30,30,100.0,1402/08
603124,1.95,2,6.67,,13.7,29,30,96.67,1402/08
805081,3.4,1,3.33,3857.1,164.48,30,30,100.0,1402/08
513023,9.2,1,3.33,,30.027,30,30,100.0,1402/08
529122,8.78,1,3.33,357417.2,20738.0,30,30,100.0,1402/08
606141,10.68,1,3.33,188530.9,1355.4,30,30,100.0,1402/08
519905,6.04,1,3.33,1038.7,69.47,30,30,100.0,1402/08
515808,0.34,12,40.0,248588.6,113306.34,17,30,56.67,1402/08
516321,1.67,1,3.33,134.5,33.748,30,30,100.0,1402/08
515961,0.63,1,3.33,,4.502,30,30,100.0,1402/08
805895,0.38,9,30.0,31.5,12.42,30,30,100.0,1402/08
603246,1.98,11,36.67,268.4,237.528,18,30,60.0,1402/08
517369,3.44,1,3.33,23186.4,4332.051,30,30,100.0,1402/08
603245,4.55,6,20.0,54810.2,292075.0,30,30,100.0,1402/08
912936,0.97,6,20.0,1590.6,48.699,30,30,100.0,1402/08
804970,0.54,2,6.67,65.7,77.989,30,30,100.0,1402/08
622260,3.07,1,3.33,,32.7,30,30,100.0,1402/08
514442,17.61,2,6.67,2919.2,6514.487,30,30,100.0,1402/08
603291,3.68,4,13.33,149932.1,8.5,30,30,100.0,1402/08
622169,1.31,3,10.0,1991.0,70.942,30,30,100.0,1402/08
515678,9.97,5,16.67,1772718.2,1055369.9,30,30,100.0,1402/08
606234,1.74,11,36.67,530500.3,947662.1,16,30,53.33,1402/08
606231,2.75,1,3.33,,-3.1,30,30,100.0,1402/08
519664,1.25,11,36.67,10080.9,112.893,30,30,100.0,1402/08
601484,15.17,1,3.33,58277.7,14929.9,30,30,100.0,1402/08
603229,1.84,1,3.33,1.6,69.371,30,30,100.0,1402/08
516280,0.54,1,3.33,15711.4,7.473,30,30,100.0,1402/08
515800,2.43,3,10.0,6238139.4,31.0,30,30,100.0,1402/08
516579,6.23,2,6.67,119751.9,6968.9,30,30,100.0,1402/08
804714,3.42,11,36.67,295.6,3225.723,30,30,100.0,1402/08
805246,1.06,2,6.67,161210.8,208.9,30,30,100.0,1402/08
519309,0.84,5,16.67,486.1,10.793,30,30,100.0,1402/08
519195,3.94,5,16.67,29238.7,210290.6,30,30,100.0,1402/08
606085,2.11,17,56.67,14646.3,58.896,30,30,100.0,1402/08
111122,1.2,1,3.33,38412.4,144.06,30,30,100.0,1402/08
603405,24.23,6,20.0,86101.8,234952.86,30,30,100.0,1402/08
518404,0.45,1,3.33,2.7,7.472,30,30,100.0,1402/08
515693,1.04,2,6.67,2417.0,113.464,30,30,100.0,1402/08
514018,15.48,11,36.67,539242.9,2809697.1,30,30,100.0,1402/08
200682,0.65,1,3.33,8386.5,171.46,30,30,100.0,1402/08
100669,1.07,2,6.67,675774.2,31.2,30,30,100.0,1402/08
601510,0.8,1,3.33,1434.2,25.37,30,30,100.0,1402/08
515134,0.7,3,10.0,2728.3,3.489,30,30,100.0,1402/08
604842,1.2,2,6.67,15.9,93.439,30,30,100.0,1402/08
603550,19.79,2,6.67,511701.2,20774.6,30,30,100.0,1402/08
517930,7.49,1,3.33,324653.6,16602.8,30,30,100.0,1402/08
514100,13.97,1,3.33,156124.7,17469.5,30,30,100.0,1402/08
517715,7.24,2,6.67,50986.6,10526.7,30,30,100.0,1402/08
516386,17.7,1,3.33,17.1,-1294952.7,30,30,100.0,1402/08
516370,12.15,1,3.33,553898.4,18105.1,30,30,100.0,1402/08
514094,1.28,3,10.0,136444.8,3.4,30,30,100.0,1402/08
517928,1.18,1,3.33,18271.6,11.6,30,30,100.0,1402/08
517934,3.46,16,53.33,9713775.3,14633837.0,30,30,100.0,1402/08
514660,1.17,17,56.67,240632.5,927356.2,30,30,100.0,1402/08
517925,13.67,2,6.67,556.5,358.836,30,30,100.0,1402/08
514000,2.27,7,23.33,4197149.2,1037.2,30,30,100.0,1402/08
603078,14.63,1,3.33,,165.1,30,30,100.0,1402/08
603244,9.02,1,3.33,9732.3,1703.68,30,30,100.0,1402/08
516024,4.5,1,3.33,,0.486,30,30,100.0,1402/08
519093,3.74,1,3.33,76956.0,465.0,30,30,100.0,1402/08
609084,2.68,7,23.33,1315492.3,342513.3,30,30,100.0,1402/08
529581,0.75,1,3.33,71.3,209.246,30,30,100.0,1402/08
515473,3.11,1,3.33,2.6,49.561,30,30,100.0,1402/08
603238,0.5,2,6.67,,1.112,30,30,100.0,1402/08
606137,21.03,2,6.67,104194.9,2005.0,30,30,100.0,1402/08
804571,17.2,1,3.33,130533.0,31719.3,29,30,96.67,1402/08
604218,1.04,5,16.67,,-7.5,30,30,100.0,1402/08
524216,1.92,1,3.33,,8.016,30,30,100.0,1402/08
605386,5.53,1,3.33,476557.7,8132.2,21,30,70.0,1402/08
924082,5.81,8,26.67,602072.7,346.4,30,30,100.0,1402/08
515832,9.1,1,3.33,6059.8,2811.2,30,30,100.0,1402/08
515952,7.68,6,20.0,2507508.8,9420.2,30,30,100.0,1402/08
604653,0.82,1,3.33,390.0,59.364,30,30,100.0,1402/08
608686,5.52,2,6.67,1128166.3,7847.2,30,30,100.0,1402/08
300159,1.13,1,3.33,,12.894,30,30,100.0,1402/08
603051,7.11,6,20.0,2105534.0,8939.0,30,30,100.0,1402/08
514177,8.85,1,3.33,46608.3,5713.1,30,30,100.0,1402/08
603362,23.88,1,3.33,204726.8,2849.0,30,30,100.0,1402/08
514606,1.66,4,13.33,14498.6,4896.199,30,30,100.0,1402/08
529163,4.69,1,3.33,10347.8,22080.84,30,30,100.0,1402/08
622201,0.3,1,3.33,2267.8,614.423,30,30,100.0,1402/08
515550,9.87,1,3.33,135121.9,16876.6,30,30,100.0,1402/08
615771,3.11,2,6.67,14703.6,188.149,30,30,100.0,1402/08
515117,1.67,2,6.67,15545.9,155.31,30,30,100.0,1402/08
607069,4.83,17,56.67,382442.2,577123.51,26,30,86.67,1402/08
606230,5.41,7,23.33,137449.6,605064.8,30,30,100.0,1402/08
622077,0.45,2,6.67,9.2,-124.094,29,30,96.67,1402/08
603131,1.1,2,6.67,,0.0,30,30,100.0,1402/08
603023,1.73,1,3.33,,-5.6,30,30,100.0,1402/08
514564,2.4,9,30.0,1476888.8,4310727.0,30,30,100.0,1402/08
603102,1.22,4,13.33,80392.2,376224.8,30,30,100.0,1402/08
515811,9.29,1,3.33,255490.1,17122.0,30,30,100.0,1402/08
604779,1.81,1,3.33,3284.2,53.59,30,30,100.0,1402/08
529149,1.36,3,10.0,537335.2,1566.1,30,30,100.0,1402/08
515066,1.2,2,6.67,,-10.7,30,30,100.0,1402/08
924132,0.2,1,3.33,,-1134.85,2,30,6.67,1402/08
529054,19.62,1,3.33,361067.6,2225826.0,30,30,100.0,1402/08
804310,2.33,1,3.33,6427.3,58.11,30,30,100.0,1402/08
603351,3.0,3,10.0,97946.5,-37.6,30,30,100.0,1402/08
806498,4.39,1,3.33,23187.9,2455.01,30,30,100.0,1402/08
604652,2.59,1,3.33,4426.9,283.749,30,30,100.0,1402/08
529053,8.43,5,16.67,2626031.7,2527573.0,30,30,100.0,1402/08
103815,2.17,1,3.33,8597.5,298.482,30,30,100.0,1402/08
515672,2.85,2,6.67,570.5,3376.094,30,30,100.0,1402/08
517814,3.32,17,56.67,1284839.4,5258830.7,30,30,100.0,1402/08
805645,1.2,4,13.33,18669.6,213.565,30,30,100.0,1402/08
603160,5.91,8,26.67,807218.3,509901.0,30,30,100.0,1402/08
804620,38.29,1,3.33,3972.5,84895.1,30,30,100.0,1402/08
911729,0.3,1,3.33,,-1.79,30,30,100.0,1402/08
529148,7.83,1,3.33,200901.1,16057.5,30,30,100.0,1402/08
529069,15.52,2,6.67,101868.4,730.6,30,30,100.0,1402/08
805646,1.1,6,20.0,193318.9,16832.08,30,30,100.0,1402/08
527290,1.09,3,10.0,13342.2,6652.233,30,30,100.0,1402/08
603278,10.82,1,3.33,4148.9,235.7,30,30,100.0,1402/08
603203,6.79,3,10.0,93554.8,1065.9,30,30,100.0,1402/08
603484,3.38,3,10.0,67943.8,26.7,30,30,100.0,1402/08
516027,5.73,4,13.33,408705.1,5323.7,30,30,100.0,1402/08
603046,1.8,6,20.0,94510.9,108.56,30,30,100.0,1402/08
517491,4.32,1,3.33,1101.6,3505.121,30,30,100.0,1402/08
103858,12.59,1,3.33,4337.4,1923.42,30,30,100.0,1402/08
515930,3.9,1,3.33,29.2,20.07,30,30,100.0,1402/08
100507,1.65,1,3.33,,21.614,30,30,100.0,1402/08
529055,14.23,1,3.33,141083.8,5107.8,30,30,100.0,1402/08
107145,3.6,19,63.33,3216940.6,2837319.7,30,30,100.0,1402/08
107149,9.16,5,16.67,374872.9,272199.2,28,30,93.33,1402/08
103193,35.35,2,6.67,5.3,-718.929,30,30,100.0,1402/08
911508,1.44,5,16.67,17846.0,79.74,30,30,100.0,1402/09
514765,9.73,4,13.33,795508.3,2631723.0,13,30,43.33,1402/09
603353,7.93,1,3.33,448364.1,12967.1,30,30,100.0,1402/09
603185,7.84,2,6.67,24090.6,7801.3,30,30,100.0,1402/09
603161,8.23,2,6.67,3292.4,1902.6,30,30,100.0,1402/09
529072,0.85,2,6.67,769526.1,-0.2,30,30,100.0,1402/09
519042,0.32,10,33.33,26454.7,6446.985,30,30,100.0,1402/09
603020,10.59,3,10.0,976985.2,1667115.4,30,30,100.0,1402/09
603019,17.2,1,3.33,15056.8,4599.7,30,30,100.0,1402/09
603015,2.2,24,80.0,4238980.6,11269344.2,30,30,100.0,1402/09
514804,3.6,2,6.67,,7.325,30,30,100.0,1402/09
529109,30.76,1,3.33,50511.4,35021.0,30,30,100.0,1402/09
804989,8.45,4,13.33,361925.1,823815.4,30,30,100.0,1402/09
804990,2.66,4,13.33,83184.1,80193.22,30,30,100.0,1402/09
515729,5.11,2,6.67,451557.9,9793.2,30,30,100.0,1402/09
102064,5.35,6,20.0,1135716.6,11887.4,30,30,100.0,1402/09
603280,2.0,7,23.33,1353737.3,3175539.9,30,30,100.0,1402/09
529041,10.93,4,13.33,484852.4,264986.7,30,30,100.0,1402/09
515620,10.45,8,26.67,75448.5,401421.19,30,30,100.0,1402/09
514511,6.38,7,23.33,65526.2,176947.53,30,30,100.0,1402/09
529315,21.22,1,3.33,535.0,1423.62,30,30,100.0,1402/09
515273,10.4,1,3.33,330066.9,899889.1,30,30,100.0,1402/09
603124,1.46,6,20.0,606894.5,2054353.9,30,30,100.0,1402/09
805081,1.08,9,30.0,29458.3,111030.75,30,30,100.0,1402/09
910813,10.0,1,3.33,27672.2,8177.8,30,30,100.0,1402/09
513023,0.87,3,10.0,,-2.193,30,30,100.0,1402/09
529044,15.74,1,3.33,110294.0,7344.4,24,30,80.0,1402/09
603187,10.13,1,3.33,,457.2,30,30,100.0,1402/09
519022,0.5,1,3.33,0.5,0.0,30,30,100.0,1402/09
519905,3.41,1,3.33,6297.2,37.38,30,30,100.0,1402/09
516321,1.63,1,3.33,358.5,41.536,30,30,100.0,1402/09
523005,4.99,3,10.0,120193.0,112745.8,30,30,100.0,1402/09
805803,1.2,1,3.33,7065.7,78.087,30,30,100.0,1402/09
604324,12.51,2,6.67,11405.8,10542.2,30,30,100.0,1402/09
602484,2.24,1,3.33,28576.4,466.65,30,30,100.0,1402/09
804570,10.06,1,3.33,123586.3,10206.0,30,30,100.0,1402/09
603246,16.85,3,10.0,4509.1,7020.136,30,30,100.0,1402/09
514334,33.75,1,3.33,52876.4,48358.7,30,30,100.0,1402/09
300194,0.82,2,6.67,,1.937,30,30,100.0,1402/09
517369,2.74,1,3.33,25286.4,1883.61,30,30,100.0,1402/09
517200,8.03,2,6.67,12630.9,2714.7,30,30,100.0,1402/09
912936,0.6,1,3.33,,9.91,30,30,100.0,1402/09
804970,0.43,1,3.33,,1.383,29,30,96.67,1402/09
529209,3.8,1,3.33,69.2,65.06,30,30,100.0,1402/09
805635,12.57,5,16.67,278104.7,556557.5,30,30,100.0,1402/09
516037,20.4,1,3.33,895864.2,38459.2,30,30,100.0,1402/09
514442,10.11,1,3.33,3827.1,2034.897,30,30,100.0,1402/09
603291,2.31,9,30.0,478148.1,1098252.4,30,30,100.0,1402/09
604156,16.52,1,3.33,154465.7,11964.0,30,30,100.0,1402/09
622169,1.71,2,6.67,2811.8,60.53,30,30,100.0,1402/09
301121,2.59,13,43.33,938366.2,8599025.0,30,30,100.0,1402/09
606231,1.62,7,23.33,959834.9,662548.8,30,30,100.0,1402/09
519664,1.49,9,30.0,4795.9,114.547,30,30,100.0,1402/09
529068,15.18,1,3.33,245101.9,38461.4,30,30,100.0,1402/09
302038,0.83,1,3.33,,3.014,30,30,100.0,1402/09
603275,0.9,4,13.33,769.7,153.929,30,30,100.0,1402/09
516414,0.59,2,6.67,844.3,8.426,30,30,100.0,1402/09
200729,0.25,1,3.33,5.5,0.0,30,30,100.0,1402/09
516579,5.45,2,6.67,109467.3,1848.6,30,30,100.0,1402/09
804714,2.69,5,16.67,3860.9,3254.129,30,30,100.0,1402/09
805246,2.4,1,3.33,41025.1,2902.94,30,30,100.0,1402/09
608931,0.66,18,60.0,417.8,-307.547,30,30,100.0,1402/09
515472,0.5,2,6.67,10.1,-18.713,8,30,26.67,1402/09
519309,1.15,4,13.33,233.6,299.366,30,30,100.0,1402/09
606085,5.39,5,16.67,3088.3,5.817,20,30,66.67,1402/09
111122,0.55,3,10.0,69033.5,20.09,30,30,100.0,1402/09
603405,26.65,3,10.0,30479.2,159980.4,30,30,100.0,1402/09
515590,0.33,3,10.0,13708.6,-2.87,30,30,100.0,1402/09
606006,26.93,1,3.33,2510.3,8140.75,30,30,100.0,1402/09
606138,15.78,4,13.33,2966773.6,15674.0,30,30,100.0,1402/09
107260,2.33,1,3.33,1779.7,166.647,30,30,100.0,1402/09
514444,10.18,8,26.67,21254.1,59694.23,30,30,100.0,1402/09
805869,1.96,3,10.0,9260.6,229.406,29,30,96.67,1402/09
601510,1.22,1,3.33,3479.3,78.279,23,30,76.67,1402/09
515134,1.15,2,6.67,393.2,1.673,30,30,100.0,1402/09
541355,0.55,1,3.33,,4.77,30,30,100.0,1402/09
603550,4.19,7,23.33,842689.9,797131.7,30,30,100.0,1402/09
601283,15.9,3,10.0,1115360.2,976263.7,29,30,96.67,1402/09
517930,7.86,1,3.33,857194.1,18119.3,30,30,100.0,1402/09
514100,1.32,5,16.67,843772.6,15.5,30,30,100.0,1402/09
514089,1.35,4,13.33,276369.3,1340102.0,30,30,100.0,1402/09
514664,1.31,7,23.33,1334781.4,2505433.5,30,30,100.0,1402/09
514660,1.15,2,6.67,2167.4,-8.5,13,30,43.33,1402/09
516387,18.0,2,6.67,429567.1,1552364.7,29,30,96.67,1402/09
514441,37.04,1,3.33,13561.0,20305.0,30,30,100.0,1402/09
514000,9.61,3,10.0,733074.5,20711.5,30,30,100.0,1402/09
525915,2.12,2,6.67,107410.5,66.2,30,30,100.0,1402/09
515564,0.8,1,3.33,4740.7,7.99,30,30,100.0,1402/09
603079,23.62,1,3.33,346.0,8780.1,30,30,100.0,1402/09
603078,17.96,7,23.33,662286.1,2511522.9,30,30,100.0,1402/09
516024,0.62,1,3.33,,10.41,30,30,100.0,1402/09
518122,1.56,2,6.67,2673.5,109.122,30,30,100.0,1402/09
622037,0.2,2,6.67,9.2,-6.843,8,30,26.67,1402/09
514349,23.07,1,3.33,3037990.2,16684.0,13,30,43.33,1402/09
209025,1.58,1,3.33,15090.6,790.81,30,30,100.0,1402/09
200718,1.45,1,3.33,,0.889,30,30,100.0,1402/09
606137,26.29,1,3.33,54337.4,28103.0,30,30,100.0,1402/09
806488,0.3,1,3.33,,-0.27,30,30,100.0,1402/09
514413,6.12,1,3.33,1542606.1,5040.3,30,30,100.0,1402/09
804571,13.25,5,16.67,198385.9,1316686.1,30,30,100.0,1402/09
515318,5.69,15,50.0,6687219.0,6195904.0,30,30,100.0,1402/09
805188,1.62,8,26.67,371.6,43.676,12,30,40.0,1402/09
518607,14.25,3,10.0,437398.9,9310.0,30,30,100.0,1402/09
604218,1.2,7,23.33,139281.8,653063.5,30,30,100.0,1402/09
805541,7.0,1,3.33,115314.5,691.6,30,30,100.0,1402/09
515952,9.38,3,10.0,1802693.1,8531.1,30,30,100.0,1402/09
603179,23.3,2,6.67,318967.7,1313232.0,30,30,100.0,1402/09
604683,0.35,1,3.33,,0.561,30,30,100.0,1402/09
529073,15.72,1,3.33,256419.8,3307.0,4,30,13.33,1402/09
601257,15.81,2,6.67,23226.4,19053.9,30,30,100.0,1402/09
615171,0.54,4,13.33,5449.7,5898.131,30,30,100.0,1402/09
603081,5.95,4,13.33,193906.2,149.9,30,30,100.0,1402/09
516413,0.75,1,3.33,1.8,5.874,10,30,33.33,1402/09
517063,2.93,3,10.0,43.1,130.336,30,30,100.0,1402/09
300159,0.77,1,3.33,340.8,137.792,30,30,100.0,1402/09
602674,0.51,1,3.33,55.1,168.833,30,30,100.0,1402/09
209278,1.33,1,3.33,16.4,122.963,30,30,100.0,1402/09
603051,1.1,11,36.67,5065556.3,38.0,30,30,100.0,1402/09
516243,3.39,1,3.33,,617.56,30,30,100.0,1402/09
514606,1.98,2,6.67,16280.1,242.937,30,30,100.0,1402/09
529163,5.47,1,3.33,5357.7,1048.73,30,30,100.0,1402/09
529221,7.58,3,10.0,53485.4,8526.1,30,30,100.0,1402/09
518141,6.27,1,3.33,61971.7,1507.2,30,30,100.0,1402/09
530471,1.74,2,6.67,802.2,177.402,30,30,100.0,1402/09
524735,0.3,1,3.33,0.4,0.0,30,30,100.0,1402/09
100175,4.22,2,6.67,76038.9,271.5,30,30,100.0,1402/09
607069,0.68,3,10.0,7539.9,-9266.18,29,30,96.67,1402/09
518992,1.49,1,3.33,48539.1,228.71,30,30,100.0,1402/09
603023,1.43,3,10.0,,-3.3,30,30,100.0,1402/09
603102,12.26,2,6.67,22581.4,15459.9,30,30,100.0,1402/09
513412,44.39,1,3.33,1017.8,10539.2,30,30,100.0,1402/09
603205,13.52,6,20.0,197839.5,18001.2,30,30,100.0,1402/09
604779,2.01,2,6.67,11371.8,67.77,30,30,100.0,1402/09
529149,1.62,3,10.0,533317.5,887.9,27,30,90.0,1402/09
515066,1.1,1,3.33,,-14.9,30,30,100.0,1402/09
529342,8.64,3,10.0,166159.9,395329.3,30,30,100.0,1402/09
603351,13.55,1,3.33,,170.4,30,30,100.0,1402/09
622014,13.01,4,13.33,1266213.7,1565017.2,30,30,100.0,1402/09
203700,0.7,1,3.33,,0.012,30,30,100.0,1402/09
604652,1.23,1,3.33,,32.891,30,30,100.0,1402/09
516214,1.71,4,13.33,4407.6,106.134,30,30,100.0,1402/09
200708,0.82,2,6.67,546.3,0.44,30,30,100.0,1402/09
603424,8.21,6,20.0,1484994.3,751882.4,30,30,100.0,1402/09
201271,1.16,2,6.67,20.2,39.509,30,30,100.0,1402/09
209595,1.18,1,3.33,5657.5,73.518,30,30,100.0,1402/09
518807,0.4,1,3.33,,-0.04,30,30,100.0,1402/09
103815,1.21,1,3.33,6029.1,153.948,30,30,100.0,1402/09
515672,3.25,2,6.67,420.4,23.957,30,30,100.0,1402/09
529228,11.11,1,3.33,486088.9,11892.4,30,30,100.0,1402/09
519681,1.21,6,20.0,42327.3,93519.23,30,30,100.0,1402/09
517814,3.61,8,26.67,345976.6,1749092.9,30,30,100.0,1402/09
514949,10.44,1,3.33,1404.8,5688.2,30,30,100.0,1402/09
609196,1.05,1,3.33,,3.67,30,30,100.0,1402/09
603033,17.59,1,3.33,21777.8,21996.0,30,30,100.0,1402/09
603160,2.79,5,16.67,366673.2,37.6,30,30,100.0,1402/09
804622,37.51,1,3.33,4763.5,534676.8,30,30,100.0,1402/09
804620,30.57,3,10.0,28462.2,693061.4,30,30,100.0,1402/09
529148,7.61,1,3.33,1011535.1,328874.3,30,30,100.0,1402/09
529069,13.53,2,6.67,813915.5,19671.9,30,30,100.0,1402/09
603278,24.15,1,3.33,192508.9,27419.1,30,30,100.0,1402/09
603277,19.58,1,3.33,609937.8,49890.7,30,30,100.0,1402/09
513475,31.15,2,6.67,208127.6,21795.1,28,30,93.33,1402/09
603484,3.52,1,3.33,436953.1,72.9,30,30,100.0,1402/09
516027,5.64,4,13.33,1274389.8,2727.0,30,30,100.0,1402/09
603046,1.45,8,26.67,255487.5,25662.23,30,30,100.0,1402/09
529193,4.06,1,3.33,863.6,250.842,28,30,93.33,1402/09
622061,5.52,2,6.67,266.7,5812.78,30,30,100.0,1402/09
107145,5.52,15,50.0,1116688.2,2982670.9,30,30,100.0,1402/09
107149,12.6,7,23.33,1739616.3,1114200.9,30,30,100.0,1402/09
103193,26.65,25,83.33,6049.6,-48874.461,30,30,100.0,1402/09
529434,1.6,4,13.33,316826.0,3396.84,30,30,100.0,1402/09
911508,1.83,5,16.67,11140.9,119.891,30,30,100.0,1402/10
519787,2.42,1,3.33,204453.1,1724.8,13,30,43.33,1402/10
514765,2.22,12,40.0,12300466.5,5261475.0,30,30,100.0,1402/10
603353,7.35,1,3.33,536333.9,8392.0,30,30,100.0,1402/10
602411,1.35,1,3.33,27011.0,158.29,30,30,100.0,1402/10
603185,6.92,1,3.33,28865.0,12437.2,30,30,100.0,1402/10
514711,4.99,4,13.33,2700894.1,3833.3,30,30,100.0,1402/10
805221,1.33,1,3.33,1858.3,51.003,30,30,100.0,1402/10
200934,2.6,8,26.67,15513.2,68242.91,30,30,100.0,1402/10
519042,0.27,13,43.33,39315.4,7578.796,30,30,100.0,1402/10
806476,18.4,3,10.0,452922.3,-2696112.832,30,30,100.0,1402/10
515565,7.8,1,3.33,58387.4,6842.8,29,30,96.67,1402/10
603015,5.03,5,16.67,8423479.6,1748303.9,30,30,100.0,1402/10
بیمارستان سجادیه,0.82,1,3.33,176.2,597.422,21,30,70.0,1402/10
804989,1.06,8,26.67,283209.5,815622.7,30,30,100.0,1402/10
529123,2.53,1,3.33,39238.9,565042.1,18,30,60.0,1402/10
604990,1.73,2,6.67,50380.7,139.49,30,30,100.0,1402/10
102064,2.86,4,13.33,1191923.8,4086.1,30,30,100.0,1402/10
529041,2.21,1,3.33,580174.3,275525.9,30,30,100.0,1402/10
514511,3.8,15,50.0,118983.3,370704.98,30,30,100.0,1402/10
514678,4.86,1,3.33,153656.1,4782.7,30,30,100.0,1402/10
529315,3.56,6,20.0,128676.6,91838.67,30,30,100.0,1402/10
603124,20.2,1,3.33,14421.9,44219.7,30,30,100.0,1402/10
103234,0.52,3,10.0,1068.8,292.259,30,30,100.0,1402/10
805081,1.22,16,53.33,59859.4,248152.68,30,30,100.0,1402/10
910813,9.54,1,3.33,55448.6,6942.0,30,30,100.0,1402/10
514618,3.46,4,13.33,10735.1,17259.09,25,30,83.33,1402/10
606141,22.03,1,3.33,745970.1,51337.3,30,30,100.0,1402/10
209286,2.59,2,6.67,2620.0,139.63,30,30,100.0,1402/10
898989,19.53,2,6.67,64.9,5232.217,30,30,100.0,1402/10
514828,5.7,6,20.0,10774120.7,4305295.0,30,30,100.0,1402/10
519905,4.32,2,6.67,531.4,26.1,30,30,100.0,1402/10
516321,1.46,3,10.0,490.0,47.51,30,30,100.0,1402/10
529107,3.68,7,23.33,4163721.9,2763838.1,30,30,100.0,1402/10
516926,15.26,7,23.33,1110815.6,7511823.0,30,30,100.0,1402/10
515961,0.96,1,3.33,316.4,15.308,30,30,100.0,1402/10
604324,4.26,3,10.0,113093.2,463726.8,30,30,100.0,1402/10
100414,4.68,1,3.33,196.2,18.643,30,30,100.0,1402/10
804570,4.47,4,13.33,3353400.0,353.0,30,30,100.0,1402/10
514312,3.53,1,3.33,177308.9,6055.0,30,30,100.0,1402/10
514334,21.89,2,6.67,722629.1,19166.2,30,30,100.0,1402/10
300194,0.77,2,6.67,374.3,66.953,30,30,100.0,1402/10
517369,1.22,3,10.0,84183.2,131.32,30,30,100.0,1402/10
609154,0.38,3,10.0,5834.1,10499.75,30,30,100.0,1402/10
529106,32.72,1,3.33,870343.3,82582.0,30,30,100.0,1402/10
517200,7.26,4,13.33,221230.5,3524.9,30,30,100.0,1402/10
622260,0.57,2,6.67,,-1.5,30,30,100.0,1402/10
529209,1.9,1,3.33,,10.149,30,30,100.0,1402/10
603108,15.49,2,6.67,2029816.4,37715.2,30,30,100.0,1402/10
514442,13.27,2,6.67,239.3,3893.761,30,30,100.0,1402/10
529140,13.89,1,3.33,5524.7,3414.8,30,30,100.0,1402/10
515094,6.7,1,3.33,38936.5,8448.7,30,30,100.0,1402/10
805130,1.0,1,3.33,,0.24,30,30,100.0,1402/10
622169,1.35,1,3.33,1832.4,83.595,30,30,100.0,1402/10
301121,39.84,5,16.67,87472.0,57686.0,30,30,100.0,1402/10
603393,18.6,2,6.67,17563.9,24231.7,30,30,100.0,1402/10
529063,7.37,2,6.67,38016.7,10633.5,30,30,100.0,1402/10
603018,32.56,2,6.67,28881.2,72122.76,30,30,100.0,1402/10
519664,1.33,7,23.33,10990.1,130.415,30,30,100.0,1402/10
805591,2.0,1,3.33,,68.254,30,30,100.0,1402/10
519322,0.4,1,3.33,,-1.55,30,30,100.0,1402/10
515645,0.65,2,6.67,56093.6,118765.643,30,30,100.0,1402/10
603275,1.51,1,3.33,947.0,631.46,30,30,100.0,1402/10
516414,0.6,1,3.33,979.3,10.509,30,30,100.0,1402/10
516579,5.53,1,3.33,109288.1,1829.3,30,30,100.0,1402/10
302565,5.84,1,3.33,14786.2,2213.56,30,30,100.0,1402/10
514357,24.68,1,3.33,112364.5,36729.0,30,30,100.0,1402/10
608931,1.57,5,16.67,558.3,1189.378,19,30,63.33,1402/10
519309,1.24,6,20.0,8.2,-298.817,30,30,100.0,1402/10
606085,6.41,5,16.67,2737.1,2308.462,30,30,100.0,1402/10
111122,1.38,2,6.67,64713.2,127.68,30,30,100.0,1402/10
515437,22.8,4,13.33,777722.8,997860.9,29,30,96.67,1402/10
515590,0.74,7,23.33,198779.5,177668.5,30,30,100.0,1402/10
529027,2.3,1,3.33,156228.9,38.5,30,30,100.0,1402/10
107260,2.4,1,3.33,880.3,178.473,30,30,100.0,1402/10
530865,1.75,1,3.33,25449.9,239.65,30,30,100.0,1402/10
514444,10.4,4,13.33,2992.0,2998.47,30,30,100.0,1402/10
805869,2.27,1,3.33,2848.8,194.885,30,30,100.0,1402/10
514772,5.14,1,3.33,30711.4,3273.2,30,30,100.0,1402/10
603550,8.74,4,13.33,92567.5,386.4,30,30,100.0,1402/10
601283,11.98,5,16.67,2462335.3,3847736.2,30,30,100.0,1402/10
601393,9.98,1,3.33,389791.7,711594.0,30,30,100.0,1402/10
514100,2.19,1,3.33,417794.6,29.2,30,30,100.0,1402/10
514089,1.61,12,40.0,6877412.0,6700465.0,30,30,100.0,1402/10
517934,7.44,5,16.67,1739319.5,1196212.0,30,30,100.0,1402/10
514664,1.21,6,20.0,332154.8,1252693.0,30,30,100.0,1402/10
514667,5.2,1,3.33,,2.6,14,30,46.67,1402/10
514662,1.65,5,16.67,2488814.0,4.7,30,30,100.0,1402/10
608943,1.96,1,3.33,3419.8,592.351,30,30,100.0,1402/10
529124,14.39,1,3.33,7749.0,628.2,25,30,83.33,1402/10
603636,1.84,2,6.67,1091.1,106.209,23,30,76.67,1402/10
516024,0.52,1,3.33,3136.2,17.202,30,30,100.0,1402/10
518122,1.75,1,3.33,304.9,54.622,30,30,100.0,1402/10
516771,0.36,3,10.0,43575.4,4.6,30,30,100.0,1402/10
102987,1.4,1,3.33,192.1,365.188,30,30,100.0,1402/10
600331,5.62,2,6.67,1361.7,1794.8,21,30,70.0,1402/10
529129,25.12,1,3.33,247011.5,48473.1,30,30,100.0,1402/10
514839,6.66,3,10.0,8278.3,40346.6,28,30,93.33,1402/10
806488,0.77,2,6.67,,12.42,30,30,100.0,1402/10
514413,7.83,2,6.67,360673.0,3841.6,30,30,100.0,1402/10
804571,11.1,2,6.67,86003.2,1865.8,29,30,96.67,1402/10
529028,9.19,2,6.67,92404.9,7328.8,30,30,100.0,1402/10
515318,16.03,7,23.33,558961.2,1270122.0,30,30,100.0,1402/10
604360,0.47,1,3.33,5086.7,42.46,30,30,100.0,1402/10
604846,2.17,1,3.33,28272.8,1324.1,30,30,100.0,1402/10
604893,5.94,1,3.33,18013.1,1817.11,30,30,100.0,1402/10
604218,0.82,23,76.67,2221577.7,3261445.8,30,30,100.0,1402/10
514506,5.81,2,6.67,32467.5,781.47,30,30,100.0,1402/10
107410,16.3,3,10.0,1698804.7,31184.0,30,30,100.0,1402/10
514404,2.35,3,10.0,457678.0,810908.6,30,30,100.0,1402/10
515952,8.5,5,16.67,1232454.3,771745.9,30,30,100.0,1402/10
514819,0.45,2,6.67,217821.6,203.7,3,30,10.0,1402/10
529012,13.46,1,3.33,700869.8,8169.0,30,30,100.0,1402/10
604683,0.59,5,16.67,22.2,13.022,30,30,100.0,1402/10
615171,0.35,1,3.33,2046.6,0.1,30,30,100.0,1402/10
516413,0.72,2,6.67,64.2,29.528,30,30,100.0,1402/10
209278,0.75,1,3.33,595.9,14.64,30,30,100.0,1402/10
517205,16.59,1,3.33,227033.6,17695.3,17,30,56.67,1402/10
805333,0.75,1,3.33,696.9,43.159,30,30,100.0,1402/10
514606,2.18,1,3.33,2926.3,245.854,30,30,100.0,1402/10
529221,5.96,9,30.0,490720.2,1852536.8,30,30,100.0,1402/10
530471,1.78,2,6.67,182.8,99.679,30,30,100.0,1402/10
615771,0.83,2,6.67,13200.2,2935.957,30,30,100.0,1402/10
515117,0.3,1,3.33,,0.07,30,30,100.0,1402/10
529087,18.08,1,3.33,424237.7,46290.0,30,30,100.0,1402/10
514564,10.64,1,3.33,77188.3,2706.9,30,30,100.0,1402/10
622204,1.1,1,3.33,21.9,-504.27,24,30,80.0,1402/10
604779,1.86,9,30.0,7053.1,64.02,30,30,100.0,1402/10
529342,1.28,13,43.33,3872676.0,2335493.1,30,30,100.0,1402/10
804310,1.82,1,3.33,10692.3,1872.038,30,30,100.0,1402/10
603351,20.59,2,6.67,298502.8,554108.9,30,30,100.0,1402/10
622014,8.55,7,23.33,4699324.4,5739190.3,30,30,100.0,1402/10
806498,5.45,1,3.33,11928.2,8122.92,30,30,100.0,1402/10
911898,1.59,2,6.67,11729.3,202.53,30,30,100.0,1402/10
516214,1.66,1,3.33,3919.4,2937.417,30,30,100.0,1402/10
514003,5.32,3,10.0,95.7,0.0,30,30,100.0,1402/10
604832,0.2,1,3.33,,0.0,30,30,100.0,1402/10
603424,11.78,2,6.67,1095386.5,12675.9,30,30,100.0,1402/10
201271,1.56,2,6.67,0.2,26.418,29,30,96.67,1402/10
514265,7.67,1,3.33,24553.2,1138.5,30,30,100.0,1402/10
518807,1.6,2,6.67,,-0.021,30,30,100.0,1402/10
519681,1.85,2,6.67,54884.2,47004.74,30,30,100.0,1402/10
514949,11.3,1,3.33,36992.7,12273.3,30,30,100.0,1402/10
603160,17.44,1,3.33,50096.6,26606.5,30,30,100.0,1402/10
514259,7.01,1,3.33,4220.0,1448.56,15,30,50.0,1402/10
603272,0.92,3,10.0,43.2,0.0,30,30,100.0,1402/10
804859,0.32,3,10.0,4101.2,4430.858,30,30,100.0,1402/10
514394,3.3,2,6.67,,6.6,30,30,100.0,1402/10
529148,7.96,2,6.67,416257.5,680595.9,30,30,100.0,1402/10
514004,34.34,1,3.33,291309.2,29300.0,19,30,63.33,1402/10
514365,7.13,1,3.33,235314.5,7381.4,30,30,100.0,1402/10
513475,27.16,1,3.33,986402.3,21769.6,30,30,100.0,1402/10
515093,2.77,5,16.67,904520.0,4292.7,30,30,100.0,1402/10
514187,3.6,4,13.33,150876.1,182400.0,30,30,100.0,1402/10
516027,3.55,2,6.67,780139.3,1394.7,30,30,100.0,1402/10
303428,0.41,3,10.0,218691.4,36690.41,30,30,100.0,1402/10
100507,1.37,3,10.0,3236.5,55.245,30,30,100.0,1402/10
622061,6.08,1,3.33,1297.4,7992.04,30,30,100.0,1402/10
529055,6.76,2,6.67,850700.0,689374.5,30,30,100.0,1402/10
107145,1.11,28,93.33,3070263.5,4284464.3,30,30,100.0,1402/10
107149,2.36,9,30.0,169637.6,1106850.8,28,30,93.33,1402/10
103193,38.56,7,23.33,8746.2,53589.492,30,30,100.0,1402/10
529434,1.5,1,3.33,98506.8,13.98,30,30,100.0,1402/10
911508,3.16,3,10.0,7193.5,113.196,30,30,100.0,1402/11
603444,8.7,1,3.33,37778.1,13742.4,30,30,100.0,1402/11
518430,5.27,1,3.33,6017.6,308.68,30,30,100.0,1402/11
608033,1.74,1,3.33,13207.5,993.63,30,30,100.0,1402/11
514765,2.26,9,30.0,2406866.7,5263884.0,30,30,100.0,1402/11
805629,0.3,6,20.0,120011.3,45.79,30,30,100.0,1402/11
529546,0.55,2,6.67,,0.0,30,30,100.0,1402/11
618400,0.15,1,3.33,1.9,-354543.902,25,30,83.33,1402/11
516231,0.5,1,3.33,0.0,-0.002,8,30,26.67,1402/11
603185,8.05,1,3.33,18260.8,4152.6,30,30,100.0,1402/11
514711,1.47,2,6.67,1692915.5,138.9,30,30,100.0,1402/11
514422,7.15,1,3.33,310043.2,68.9,30,30,100.0,1402/11
102799,4.54,1,3.33,63648.1,2828.4,30,30,100.0,1402/11
519042,0.28,14,46.67,22221.3,13892.861,30,30,100.0,1402/11
806476,7.66,4,13.33,263.6,3860.671,30,30,100.0,1402/11
529293,23.0,1,3.33,10023.8,17565.4,30,30,100.0,1402/11
804989,0.6,1,3.33,,-0.5,30,30,100.0,1402/11
529123,16.68,2,6.67,40069.4,22947.3,17,30,56.67,1402/11
516335,1.13,1,3.33,6.3,16.218,30,30,100.0,1402/11
604990,1.64,4,13.33,67452.1,120.25,30,30,100.0,1402/11
805166,2.34,1,3.33,290574.6,1507.9,30,30,100.0,1402/11
514890,18.43,1,3.33,3698.1,8570.0,30,30,100.0,1402/11
514900,17.76,1,3.33,96436.5,14698.0,30,30,100.0,1402/11
101277,0.95,2,6.67,7891.9,63.311,30,30,100.0,1402/11
603280,1.05,1,3.33,648097.1,-12.2,30,30,100.0,1402/11
529041,0.8,21,70.0,695415.4,1647489.3,30,30,100.0,1402/11
514511,2.58,22,73.33,278525.8,738498.15,30,30,100.0,1402/11
519915,1.45,1,3.33,,-2.574,30,30,100.0,1402/11
622492,5.69,1,3.33,348.6,-100940.653,20,30,66.67,1402/11
514678,3.19,5,16.67,907213.6,2654.7,30,30,100.0,1402/11
529315,4.52,4,13.33,88401.1,92813.56,26,30,86.67,1402/11
603124,1.38,7,23.33,1592698.8,1115635.2,30,30,100.0,1402/11
910836,5.11,3,10.0,173545.0,6973.3,30,30,100.0,1402/11
910813,9.43,1,3.33,65052.3,3659.9,29,30,96.67,1402/11
514618,3.36,1,3.33,20264.5,893.04,27,30,90.0,1402/11
529044,14.97,1,3.33,96400.4,6503.0,13,30,43.33,1402/11
603187,11.63,1,3.33,175004.8,11758.8,30,30,100.0,1402/11
514828,2.18,21,70.0,8844495.9,12879775.0,30,30,100.0,1402/11
519905,1.6,1,3.33,,8.55,30,30,100.0,1402/11
529107,1.18,9,30.0,4687602.0,4602501.6,30,30,100.0,1402/11
523005,3.45,2,6.67,30781.6,109201.3,30,30,100.0,1402/11
805803,0.94,2,6.67,2240.6,13.853,30,30,100.0,1402/11
514348,6.56,1,3.33,159845.9,9696.6,30,30,100.0,1402/11
516736,1.37,1,3.33,9012.9,108.21,30,30,100.0,1402/11
604324,7.4,1,3.33,7490.4,36.9,30,30,100.0,1402/11
602484,1.59,2,6.67,51296.2,486.76,30,30,100.0,1402/11
100414,0.36,4,13.33,589.0,605.843,30,30,100.0,1402/11
804570,5.26,1,3.33,2203613.1,612.0,30,30,100.0,1402/11
514312,4.97,3,10.0,198168.4,4249.0,30,30,100.0,1402/11
514334,19.15,3,10.0,51339.4,15224.5,30,30,100.0,1402/11
609154,0.4,1,3.33,,-0.65,30,30,100.0,1402/11
517200,7.1,1,3.33,111.7,501.0,30,30,100.0,1402/11
100768,1.09,3,10.0,232.2,38.384,30,30,100.0,1402/11
912936,1.93,4,13.33,7097.8,78.42,30,30,100.0,1402/11
804970,0.35,1,3.33,46.0,3.228,30,30,100.0,1402/11
518588,4.52,1,3.33,995.3,329.162,30,30,100.0,1402/11
514442,6.26,3,10.0,45945.0,1159.68,30,30,100.0,1402/11
603291,7.75,7,23.33,1646781.2,832022.2,30,30,100.0,1402/11
529140,7.95,1,3.33,31766.5,6810.2,30,30,100.0,1402/11
603098,21.32,1,3.33,21654.7,147733.3,30,30,100.0,1402/11
603043,14.61,2,6.67,19492.6,17636.4,29,30,96.67,1402/11
622169,1.64,3,10.0,7100.3,63.062,30,30,100.0,1402/11
529063,1.37,2,6.67,,-2.9,30,30,100.0,1402/11
603018,31.79,1,3.33,30284.2,21514.7,30,30,100.0,1402/11
519664,1.38,8,26.67,17048.3,129.201,30,30,100.0,1402/11
519322,0.3,2,6.67,14618.1,15785.82,30,30,100.0,1402/11
516929,4.3,2,6.67,4366.7,307.63,30,30,100.0,1402/11
615609,1.31,7,23.33,4278.6,10.164,30,30,100.0,1402/11
209099,5.5,1,3.33,26355.1,3976.07,30,30,100.0,1402/11
516414,0.65,1,3.33,852.1,2.942,30,30,100.0,1402/11
516814,15.34,3,10.0,76944.8,61067.63,30,30,100.0,1402/11
516579,5.99,1,3.33,31040.4,1825.5,30,30,100.0,1402/11
804714,2.0,1,3.33,,38.077,30,30,100.0,1402/11
805246,2.53,1,3.33,30723.4,593.55,30,30,100.0,1402/11
604203,2.25,1,3.33,10164.2,8.9,30,30,100.0,1402/11
519309,0.57,6,20.0,29.2,-12.685,29,30,96.67,1402/11
606085,11.5,9,30.0,10235.8,13162.005,30,30,100.0,1402/11
111122,1.1,1,3.33,147525.3,104.73,30,30,100.0,1402/11
515437,0.65,15,50.0,13546666.9,4720968.6,30,30,100.0,1402/11
515590,0.92,5,16.67,279668.7,59222.92,30,30,100.0,1402/11
606006,16.44,2,6.67,107557.1,14903.9,30,30,100.0,1402/11
514018,5.38,5,16.67,1169661.8,783216.2,30,30,100.0,1402/11
606138,14.93,8,26.67,2401757.1,5099309.0,30,30,100.0,1402/11
209317,15.04,1,3.33,21246.5,5233.36,30,30,100.0,1402/11
520115,0.3,1,3.33,,0.13,30,30,100.0,1402/11
530865,0.87,1,3.33,,10.87,30,30,100.0,1402/11
514444,7.85,5,16.67,3592.4,30008.44,30,30,100.0,1402/11
100669,2.0,2,6.67,46186.3,73.2,30,30,100.0,1402/11
805869,2.02,2,6.67,9161.7,134.381,30,30,100.0,1402/11
603550,20.78,1,3.33,147529.5,809989.9,30,30,100.0,1402/11
601283,8.88,5,16.67,1502847.6,1977299.1,30,30,100.0,1402/11
514093,2.69,8,26.67,434681.8,396984.0,30,30,100.0,1402/11
517930,6.39,1,3.33,779292.4,8375.7,30,30,100.0,1402/11
516357,3.13,2,6.67,951685.9,3469.0,30,30,100.0,1402/11
514095,1.74,20,66.67,714083.1,1666889.4,30,30,100.0,1402/11
514100,3.44,3,10.0,25480.6,13.6,30,30,100.0,1402/11
514089,1.15,11,36.67,9092645.4,2680203.0,30,30,100.0,1402/11
517715,3.95,3,10.0,1088921.2,374878.0,30,30,100.0,1402/11
517929,2.39,4,13.33,177682.2,3.0,30,30,100.0,1402/11
516370,15.29,3,10.0,1181884.1,22008.9,29,30,96.67,1402/11
517934,6.21,8,26.67,4627506.3,8640.0,30,30,100.0,1402/11
514664,1.4,3,10.0,225534.5,-2.6,30,30,100.0,1402/11
514662,1.5,8,26.67,569917.7,1325349.8,30,30,100.0,1402/11
517925,38.01,1,3.33,483.5,10922.717,30,30,100.0,1402/11
514441,33.93,1,3.33,18583.9,17580.0,30,30,100.0,1402/11
514000,3.87,6,20.0,3975650.6,5288.0,30,30,100.0,1402/11
515058,10.05,4,13.33,246518.4,348910.6,30,30,100.0,1402/11
618399,2.44,1,3.33,115540.2,4553.38,30,30,100.0,1402/11
100534,25.3,1,3.33,912.2,35569.5,30,30,100.0,1402/11
516024,0.64,3,10.0,2017.9,12.703,30,30,100.0,1402/11
519093,1.3,1,3.33,,1.5,30,30,100.0,1402/11
600204,3.5,1,3.33,382.4,5.46,30,30,100.0,1402/11
603063,18.9,1,3.33,2783.6,46256.3,30,30,100.0,1402/11
516941,11.7,1,3.33,,104.9,30,30,100.0,1402/11
102987,1.73,1,3.33,227.8,1316.566,30,30,100.0,1402/11
515473,2.3,2,6.67,106.8,43.116,30,30,100.0,1402/11
606137,3.12,12,40.0,6170176.7,6313857.0,30,30,100.0,1402/11
514413,6.51,2,6.67,1042512.0,343399.6,30,30,100.0,1402/11
804571,8.22,5,16.67,873600.5,1322356.5,30,30,100.0,1402/11
515318,19.65,9,30.0,940874.5,2557808.0,30,30,100.0,1402/11
529290,9.27,1,3.33,63149.3,11362.8,30,30,100.0,1402/11
515948,2.94,4,13.33,2579599.9,286.0,30,30,100.0,1402/11
107410,23.08,1,3.33,371631.6,34621.0,30,30,100.0,1402/11
514404,1.75,4,13.33,,-6.6,30,30,100.0,1402/11
529580,2.1,1,3.33,15423.7,19732.48,28,30,93.33,1402/11
515952,7.64,5,16.67,1569977.4,393820.4,30,30,100.0,1402/11
603179,16.07,7,23.33,322138.4,3946246.0,30,30,100.0,1402/11
604683,0.74,4,13.33,106.3,57.574,30,30,100.0,1402/11
604430,0.4,1,3.33,0.1,1.09,30,30,100.0,1402/11
516413,0.66,1,3.33,62.4,18.677,30,30,100.0,1402/11
517063,3.71,1,3.33,127.4,133.764,30,30,100.0,1402/11
209278,0.5,1,3.33,,-0.174,30,30,100.0,1402/11
517205,1.69,9,30.0,986745.2,3656517.0,30,30,100.0,1402/11
603362,19.45,1,3.33,640338.4,28431.0,30,30,100.0,1402/11
514606,1.38,3,10.0,10003.9,5401.935,30,30,100.0,1402/11
515387,4.79,2,6.67,14486.0,24541.76,30,30,100.0,1402/11
515550,5.68,2,6.67,363328.7,4530.7,28,30,93.33,1402/11
615771,0.7,1,3.33,22481.3,108.851,30,30,100.0,1402/11
529016,1.63,12,40.0,622327.8,3167478.5,30,30,100.0,1402/11
604716,5.26,1,3.33,36177.6,2873.86,30,30,100.0,1402/11
603254,0.7,1,3.33,10.6,0.0,27,30,90.0,1402/11
529207,2.2,2,6.67,,9.6,30,30,100.0,1402/11
603131,14.48,1,3.33,2982117.1,20277.0,30,30,100.0,1402/11
529087,11.48,7,23.33,1557395.8,5980237.0,30,30,100.0,1402/11
514564,7.3,1,3.33,,376.1,21,30,70.0,1402/11
514624,8.31,1,3.33,32638.0,2846.0,30,30,100.0,1402/11
516623,1.77,1,3.33,1023.6,25.454,30,30,100.0,1402/11
515066,2.46,1,3.33,30400.3,28.4,30,30,100.0,1402/11
529054,0.7,2,6.67,,-2.0,22,30,73.33,1402/11
529342,7.32,3,10.0,174522.0,397142.8,30,30,100.0,1402/11
804310,4.02,1,3.33,1761.2,84.732,30,30,100.0,1402/11
622014,4.01,8,26.67,9827576.3,3275553.5,30,30,100.0,1402/11
806498,2.7,2,6.67,,4.88,30,30,100.0,1402/11
911898,1.85,2,6.67,19975.1,472.73,30,30,100.0,1402/11
603096,1.05,1,3.33,7.6,0.0,27,30,90.0,1402/11
622027,19.24,1,3.33,349476.1,22691.1,30,30,100.0,1402/11
203700,0.55,10,33.33,15016.8,1.254,30,30,100.0,1402/11
603101,13.16,3,10.0,188812.0,13157.8,30,30,100.0,1402/11
516214,0.94,2,6.67,69.0,113.594,21,30,70.0,1402/11
200708,2.86,1,3.33,1243.1,513.459,29,30,96.67,1402/11
604832,0.25,3,10.0,370207.5,-0.6,30,30,100.0,1402/11
603424,12.3,3,10.0,94371.6,5633.5,29,30,96.67,1402/11
201271,0.8,8,26.67,543.6,38.085,30,30,100.0,1402/11
529088,9.3,2,6.67,912357.1,11979.0,30,30,100.0,1402/11
519681,0.91,8,26.67,111777.0,234408.94,28,30,93.33,1402/11
516805,15.06,1,3.33,16844.2,166538.7,30,30,100.0,1402/11
608154,1.4,1,3.33,1.4,0.0,23,30,76.67,1402/11
514949,1.8,1,3.33,,2.6,30,30,100.0,1402/11
604263,0.55,1,3.33,3.4,0.0,28,30,93.33,1402/11
515415,0.7,1,3.33,14.6,0.0,27,30,90.0,1402/11
603379,6.08,3,10.0,16237.0,3495.518,30,30,100.0,1402/11
603160,3.62,3,10.0,1012533.1,1193.0,29,30,96.67,1402/11
519754,5.16,5,16.67,110999.7,219582.3,30,30,100.0,1402/11
515626,2.2,1,3.33,,21.423,30,30,100.0,1402/11
529069,8.37,1,3.33,342497.6,4108.3,30,30,100.0,1402/11
805646,1.14,2,6.67,54522.8,341.92,30,30,100.0,1402/11
517810,20.35,2,6.67,151.3,4061.7,30,30,100.0,1402/11
524002,2.47,1,3.33,3.5,102.823,30,30,100.0,1402/11
515093,4.4,3,10.0,530905.7,7662.4,30,30,100.0,1402/11
514187,4.46,4,13.33,308655.6,190160.3,30,30,100.0,1402/11
516027,2.22,4,13.33,983117.0,631.5,30,30,100.0,1402/11
303428,0.23,2,6.67,102278.1,98.58,30,30,100.0,1402/11
515930,1.75,1,3.33,67.6,41.468,30,30,100.0,1402/11
615882,2.49,1,3.33,8302.1,7813.93,30,30,100.0,1402/11
100507,0.88,2,6.67,8685.4,70.453,30,30,100.0,1402/11
514483,19.69,1,3.33,61591.0,37238.1,30,30,100.0,1402/11
107145,1.12,28,93.33,2537437.6,5583724.8,30,30,100.0,1402/11
107149,2.07,3,10.0,24794.0,276698.1,30,30,100.0,1402/11
602980,9.45,1,3.33,42040.8,7328.5,30,30,100.0,1402/11
529434,2.11,1,3.33,14565.1,37167.35,30,30,100.0,1402/11
911508,1.37,4,13.79,8583.0,78.519,29,29,100.0,1402/12
603444,7.55,1,3.45,402709.7,132505.4,29,29,100.0,1402/12
514600,1.87,1,3.45,40865.3,2272.04,29,29,100.0,1402/12
514765,1.16,6,20.69,8102426.3,1315891.0,29,29,100.0,1402/12
805629,1.28,4,13.79,69715.6,177.97,29,29,100.0,1402/12
609042,1.22,1,3.45,94401.1,7.11,29,29,100.0,1402/12
529546,0.45,1,3.45,,0.9,29,29,100.0,1402/12
541772,4.35,2,6.9,16997.5,33190.62,29,29,100.0,1402/12
618400,2.65,4,13.79,476.7,1858.986,29,29,100.0,1402/12
107165,4.72,1,3.45,48531.4,2949.5,28,29,96.55,1402/12
515628,1.41,1,3.45,16612.5,1149.34,29,29,100.0,1402/12
603161,14.63,5,17.24,19075.8,18211.5,29,29,100.0,1402/12
514579,2.2,1,3.45,,35779.4,3,29,10.34,1402/12
529229,14.47,1,3.45,180148.2,28877.0,29,29,100.0,1402/12
519042,0.25,15,51.72,34150.3,13656.086,29,29,100.0,1402/12
515709,2.75,4,13.79,38.5,172.877,29,29,100.0,1402/12
515565,8.03,1,3.45,51082.2,6487.6,29,29,100.0,1402/12
603019,29.32,1,3.45,22817.6,33400.4,29,29,100.0,1402/12
603015,7.12,1,3.45,1053123.6,5381.7,29,29,100.0,1402/12
529293,4.46,5,17.24,76738.1,1241029.0,29,29,100.0,1402/12
516335,1.56,1,3.45,20.0,12.644,29,29,100.0,1402/12
604990,0.62,4,13.79,140120.2,64.99,29,29,100.0,1402/12
805166,2.46,4,13.79,230440.8,581484.4,29,29,100.0,1402/12
514890,11.29,4,13.79,53678.1,3561.0,29,29,100.0,1402/12
101277,0.8,1,3.45,15452.3,36.76,29,29,100.0,1402/12
806526,0.8,1,3.45,,-0.396,29,29,100.0,1402/12
529041,10.95,2,6.9,399513.3,5724.1,29,29,100.0,1402/12
514511,4.35,17,58.62,224738.2,578560.1,29,29,100.0,1402/12
514678,4.14,2,6.9,122705.2,3526.0,26,29,89.66,1402/12
603124,17.86,3,10.34,86545.3,26558.8,29,29,100.0,1402/12
910813,5.12,3,10.34,51225.8,884.7,29,29,100.0,1402/12
514640,10.34,3,10.34,20843.7,2542.3,29,29,100.0,1402/12
529241,1.45,13,44.83,1236718.3,4474319.3,24,29,82.76,1402/12
514828,9.58,10,34.48,1556978.8,5743222.0,29,29,100.0,1402/12
519905,4.97,5,17.24,7449.3,157.73,29,29,100.0,1402/12
529107,4.5,4,13.79,100577.6,1840896.3,29,29,100.0,1402/12
523005,6.1,2,6.9,11943.4,946.8,29,29,100.0,1402/12
513356,33.98,3,10.34,86153.1,205280.5,29,29,100.0,1402/12
805803,0.45,1,3.45,3921.3,4235.188,29,29,100.0,1402/12
804570,6.96,2,6.9,907786.2,5108.0,29,29,100.0,1402/12
514312,6.45,1,3.45,115866.9,8041.1,29,29,100.0,1402/12
514334,25.64,1,3.45,143715.5,6087.0,6,29,20.69,1402/12
517369,1.56,1,3.45,31400.5,116.68,29,29,100.0,1402/12
519196,11.57,1,3.45,1650.9,5746.55,29,29,100.0,1402/12
100768,1.18,1,3.45,348.2,112.535,29,29,100.0,1402/12
912936,1.88,3,10.34,670.1,22.149,29,29,100.0,1402/12
603069,18.76,1,3.45,23498.4,41616.53,29,29,100.0,1402/12
805635,16.71,4,13.79,1560441.0,23963.5,29,29,100.0,1402/12
514442,9.8,2,6.9,30492.7,5244.33,29,29,100.0,1402/12
514401,6.08,1,3.45,201821.4,27300.0,6,29,20.69,1402/12
603098,33.09,3,10.34,105718.9,396496.6,29,29,100.0,1402/12
622169,1.41,2,6.9,1289.7,54.396,29,29,100.0,1402/12
622024,9.54,1,3.45,29261.4,13478.6,29,29,100.0,1402/12
516627,1.35,1,3.45,6723.2,74.765,29,29,100.0,1402/12
519664,1.49,7,24.14,12628.0,142.76,29,29,100.0,1402/12
529068,14.66,2,6.9,306605.2,14050.8,29,29,100.0,1402/12
805671,0.4,1,3.45,,1.266,29,29,100.0,1402/12
514322,7.5,2,6.9,21002.3,7385.91,29,29,100.0,1402/12
519322,0.3,2,6.9,,-1.57,29,29,100.0,1402/12
529330,23.0,5,17.24,1962768.0,50138.2,29,29,100.0,1402/12
209099,4.9,2,6.9,120523.2,1865.92,29,29,100.0,1402/12
529161,17.47,1,3.45,2660671.1,26210.5,28,29,96.55,1402/12
516814,17.02,3,10.34,50171.7,132681.7,29,29,100.0,1402/12
516524,2.53,2,6.9,14764.4,89.104,29,29,100.0,1402/12
516579,5.62,1,3.45,16328.3,957.6,29,29,100.0,1402/12
805246,1.42,6,20.69,80656.7,98.44,29,29,100.0,1402/12
518161,0.68,1,3.45,2869.5,1338.376,29,29,100.0,1402/12
806428,1.53,1,3.45,9254.4,92.625,28,29,96.55,1402/12
529022,17.58,3,10.34,180584.8,366751.6,29,29,100.0,1402/12
100168,13.02,1,3.45,5233.9,990.0,29,29,100.0,1402/12
519309,1.04,3,10.34,62.5,-13.638,29,29,100.0,1402/12
519563,0.92,3,10.34,142348.1,5.3,29,29,100.0,1402/12
606085,12.38,4,13.79,14150.2,23939.753,29,29,100.0,1402/12
111122,0.69,2,6.9,135362.4,56.43,29,29,100.0,1402/12
603463,17.05,3,10.34,85937.6,25779.0,29,29,100.0,1402/12
515590,0.29,8,27.59,544389.5,296071.19,29,29,100.0,1402/12
514018,32.05,1,3.45,,237.1,29,29,100.0,1402/12
517039,2.58,1,3.45,29.2,66.274,29,29,100.0,1402/12
529027,12.1,1,3.45,336434.1,2031.1,29,29,100.0,1402/12
200682,0.46,1,3.45,15210.4,208.99,29,29,100.0,1402/12
514444,8.62,3,10.34,3931.8,1508.23,29,29,100.0,1402/12
516691,0.45,1,3.45,0.0,1.66,29,29,100.0,1402/12
100669,1.3,1,3.45,,9.3,29,29,100.0,1402/12
805869,1.27,4,13.79,10108.7,69.93,29,29,100.0,1402/12
514772,6.8,1,3.45,78741.7,2542.5,29,29,100.0,1402/12
600868,0.37,11,37.93,9172.6,12384.895,11,29,37.93,1402/12
604842,2.15,1,3.45,,2.797,29,29,100.0,1402/12
525089,14.91,2,6.9,4662.4,3306.2,29,29,100.0,1402/12
601283,1.65,2,6.9,845462.9,989957.0,29,29,100.0,1402/12
601393,8.31,3,10.34,457595.1,15450.9,28,29,96.55,1402/12
514093,3.11,10,34.48,94241.2,534802.3,29,29,100.0,1402/12
517930,5.3,1,3.45,945381.5,3982.3,29,29,100.0,1402/12
516357,1.12,4,13.79,1531917.1,160.8,29,29,100.0,1402/12
514095,2.08,4,13.79,120270.4,337793.9,29,29,100.0,1402/12
515743,0.5,9,31.03,802692.3,-213450.6,29,29,100.0,1402/12
514100,2.05,4,13.79,375139.8,121.0,29,29,100.0,1402/12
516366,1.66,1,3.45,295917.5,889.69,29,29,100.0,1402/12
514089,1.01,8,27.59,9913758.3,1340121.0,29,29,100.0,1402/12
517304,9.21,2,6.9,38690.3,344.2,29,29,100.0,1402/12
514092,14.34,1,3.45,703007.9,4618.5,29,29,100.0,1402/12
515060,7.49,2,6.9,200.0,3135.5,29,29,100.0,1402/12
517934,10.11,3,10.34,490157.3,10293.0,29,29,100.0,1402/12
515269,2.91,3,10.34,136083.9,413784.7,29,29,100.0,1402/12
514664,1.15,10,34.48,3371241.1,3131674.6,29,29,100.0,1402/12
516354,8.25,9,31.03,3013372.4,4116683.9,28,29,96.55,1402/12
514098,1.7,1,3.45,,7.1,29,29,100.0,1402/12
514662,1.05,4,13.79,290058.2,1325342.0,29,29,100.0,1402/12
517925,28.71,4,13.79,25548.1,105230.1,29,29,100.0,1402/12
514000,7.02,1,3.45,1971528.1,4855.7,29,29,100.0,1402/12
515058,11.52,2,6.9,49304.2,5019.9,29,29,100.0,1402/12
525915,1.3,2,6.9,363274.6,11.4,29,29,100.0,1402/12
529124,2.7,1,3.45,2759.6,0.9,14,29,48.28,1402/12
603636,1.62,2,6.9,4967.9,49.23,9,29,31.03,1402/12
516024,0.48,2,6.9,2981.3,33.106,29,29,100.0,1402/12
609084,12.8,1,3.45,159556.5,25412.7,29,29,100.0,1402/12
603063,12.33,11,37.93,429406.7,1216088.8,29,29,100.0,1402/12
516771,0.46,1,3.45,21788.5,4.67,29,29,100.0,1402/12
516941,1.13,2,6.9,,3.8,29,29,100.0,1402/12
606137,25.07,4,13.79,2292011.8,2577880.0,29,29,100.0,1402/12
514413,5.01,8,27.59,436850.2,1070.2,29,29,100.0,1402/12
804571,1.35,16,55.17,3122195.9,5278034.5,29,29,100.0,1402/12
514990,4.52,1,3.45,18.6,753.6,29,29,100.0,1402/12
604846,2.47,2,6.9,349499.6,64.0,29,29,100.0,1402/12
515948,5.66,3,10.34,127893.0,551769.6,29,29,100.0,1402/12
529424,2.64,1,3.45,4619.6,-33.85,29,29,100.0,1402/12
516589,1.9,1,3.45,,14.855,29,29,100.0,1402/12
515952,15.04,1,3.45,439116.0,4537.0,29,29,100.0,1402/12
529012,15.48,5,17.24,7450386.0,25798.0,29,29,100.0,1402/12
604683,0.65,1,3.45,45.0,1.459,29,29,100.0,1402/12
618411,0.35,2,6.9,13594.5,30.37,29,29,100.0,1402/12
615171,0.62,1,3.45,3097.0,11.081,29,29,100.0,1402/12
602414,2.35,1,3.45,1.0,50.169,29,29,100.0,1402/12
516413,0.32,2,6.9,63.8,5.683,29,29,100.0,1402/12
209278,1.3,3,10.34,245.5,38.414,29,29,100.0,1402/12
517205,2.86,1,3.45,838987.5,914179.9,29,29,100.0,1402/12
805333,0.51,3,10.34,7496.3,76.89,29,29,100.0,1402/12
516243,3.03,1,3.45,14484.9,316.68,29,29,100.0,1402/12
514606,1.76,2,6.9,2220.1,418.453,29,29,100.0,1402/12
615771,3.89,3,10.34,10793.3,148.322,29,29,100.0,1402/12
529016,3.73,3,10.34,285350.7,1292.4,29,29,100.0,1402/12
514912,8.37,1,3.45,24856.2,9461.9,29,29,100.0,1402/12
529207,2.17,1,3.45,65714.0,2256.5,29,29,100.0,1402/12
604062,8.19,3,10.34,3480861.5,1852486.7,29,29,100.0,1402/12
529087,11.76,3,10.34,7461328.6,18246.0,29,29,100.0,1402/12
518992,1.36,1,3.45,21122.4,461.64,29,29,100.0,1402/12
516442,19.51,1,3.45,71996.4,22266.56,29,29,100.0,1402/12
514624,7.41,1,3.45,9626.1,1864.8,29,29,100.0,1402/12
516503,11.27,9,31.03,62101.6,88573.22,14,29,48.28,1402/12
529049,14.3,4,13.79,445058.6,1378257.0,29,29,100.0,1402/12
513412,25.37,4,13.79,1266.8,8067.5,29,29,100.0,1402/12
516623,1.64,1,3.45,,41.746,29,29,100.0,1402/12
518058,2.22,1,3.45,25.0,140.887,29,29,100.0,1402/12
529342,8.85,5,17.24,343740.0,1580542.6,29,29,100.0,1402/12
622014,12.98,2,6.9,1797572.0,2529573.5,29,29,100.0,1402/12
622027,17.22,1,3.45,3479.9,18343.9,29,29,100.0,1402/12
203700,0.71,1,3.45,19201.3,1328.196,29,29,100.0,1402/12
603101,26.57,1,3.45,4237.5,41484.8,29,29,100.0,1402/12
603424,14.71,1,3.45,6914.7,5942.1,29,29,100.0,1402/12
201271,1.07,8,27.59,717.8,64.625,29,29,100.0,1402/12
209595,0.78,5,17.24,40574.5,5168.02,29,29,100.0,1402/12
518807,0.75,1,3.45,,0.289,29,29,100.0,1402/12
515672,1.75,1,3.45,1062.3,12.86,29,29,100.0,1402/12
514949,1.6,1,3.45,,0.1,29,29,100.0,1402/12
603552,10.79,1,3.45,1399.8,1606.55,29,29,100.0,1402/12
603160,10.15,5,17.24,1107818.9,13075.0,29,29,100.0,1402/12
514259,7.88,3,10.34,26302.3,692.94,29,29,100.0,1402/12
519754,4.94,4,13.79,476142.8,450662.4,29,29,100.0,1402/12
515625,1.37,1,3.45,144382.9,95.1,29,29,100.0,1402/12
805646,1.36,1,3.45,80094.2,299.34,29,29,100.0,1402/12
514648,2.72,2,6.9,186636.7,580.4,29,29,100.0,1402/12
514365,6.97,1,3.45,3204.7,1073.4,29,29,100.0,1402/12
524002,2.91,1,3.45,7030.8,657.313,29,29,100.0,1402/12
603404,16.21,1,3.45,1028382.6,38196.1,29,29,100.0,1402/12
515093,3.24,1,3.45,176712.7,1505.3,29,29,100.0,1402/12
514187,4.97,4,13.79,110223.2,189860.4,29,29,100.0,1402/12
516027,4.58,3,10.34,1031344.1,627.3,29,29,100.0,1402/12
519024,2.45,1,3.45,,10.033,29,29,100.0,1402/12
806550,22.55,1,3.45,19463.6,38836.0,29,29,100.0,1402/12
615882,0.4,2,6.9,26431.7,1.283,29,29,100.0,1402/12
100507,1.13,2,6.9,11032.7,66.702,29,29,100.0,1402/12
529055,25.5,1,3.45,5715.4,313.6,29,29,100.0,1402/12
107145,8.42,4,13.79,506038.9,672599.2,29,29,100.0,1402/12
107149,20.2,1,3.45,77254.9,6061.9,21,29,72.41,1402/12
602980,3.4,2,6.9,282303.2,497.2,29,29,100.0,1402/12
529434,1.9,1,3.45,16547.5,1008.93,29,29,100.0,1402/12
911508,2.04,2,6.45,8842.0,159.755,31,31,100.0,1403/01
514600,2.44,1,3.23,41632.9,1765.92,31,31,100.0,1403/01
514765,17.63,1,3.23,216551.9,1084.0,31,31,100.0,1403/01
529546,3.37,4,12.9,447485.9,5531.5,31,31,100.0,1403/01
541772,5.07,1,3.23,3252.3,367.57,31,31,100.0,1403/01
514711,14.15,1,3.23,191087.3,21130.8,31,31,100.0,1403/01
514422,21.49,3,9.68,77099.8,522038.3,31,31,100.0,1403/01
804014,7.26,2,6.45,93253.6,13412.0,31,31,100.0,1403/01
519042,0.59,14,45.16,5392.9,5104.28,31,31,100.0,1403/01
515709,4.82,1,3.23,0.4,1.084,31,31,100.0,1403/01
603019,3.48,1,3.23,181555.8,23.3,31,31,100.0,1403/01
102064,10.41,1,3.23,87284.0,15806.7,31,31,100.0,1403/01
603280,3.6,1,3.23,3.8,-316.3,31,31,100.0,1403/01
603124,14.91,2,6.45,714331.0,622194.2,20,31,64.52,1403/01
603599,2.81,1,3.23,36345.4,1569.4,31,31,100.0,1403/01
515808,3.92,1,3.23,34266.3,8736.36,26,31,83.87,1403/01
529107,14.55,1,3.23,304577.0,1854015.4,31,31,100.0,1403/01
604324,13.53,2,6.45,63857.4,20395.8,31,31,100.0,1403/01
804570,16.6,1,3.23,231747.0,21983.0,31,31,100.0,1403/01
603246,14.06,6,19.35,27443.6,12478.79,31,31,100.0,1403/01
300194,2.4,2,6.45,514.7,45.781,30,31,96.77,1403/01
603396,17.67,1,3.23,3010826.2,18302.2,31,31,100.0,1403/01
100768,1.64,5,16.13,603.9,79.624,31,31,100.0,1403/01
912936,1.62,2,6.45,188.6,27.488,31,31,100.0,1403/01
603291,13.53,3,9.68,26158.8,481374.8,31,31,100.0,1403/01
514401,7.2,1,3.23,0.0,14154.3,31,31,100.0,1403/01
603098,13.04,6,19.35,111380.1,228628.2,31,31,100.0,1403/01
622169,1.93,1,3.23,3401.6,198.961,31,31,100.0,1403/01
200245,6.73,1,3.23,301.6,7820.5,31,31,100.0,1403/01
519664,1.86,4,12.9,6679.1,161.917,31,31,100.0,1403/01
519322,0.44,5,16.13,21910.4,31542.89,31,31,100.0,1403/01
615609,1.98,2,6.45,4061.2,43.226,31,31,100.0,1403/01
516414,0.96,1,3.23,284.8,54.784,31,31,100.0,1403/01
603229,1.59,1,3.23,77.2,57.893,31,31,100.0,1403/01
805246,1.46,1,3.23,55438.2,110.59,31,31,100.0,1403/01
529022,2.84,12,38.71,537707.3,2088821.3,31,31,100.0,1403/01
519309,0.51,4,12.9,37.2,-15.991,31,31,100.0,1403/01
606042,17.09,3,9.68,25113.6,61680.62,31,31,100.0,1403/01
515590,1.81,2,6.45,109693.2,118851.16,31,31,100.0,1403/01
805869,1.74,3,9.68,17921.3,179.674,31,31,100.0,1403/01
525089,14.18,1,3.23,21325.0,27952.2,31,31,100.0,1403/01
517930,8.25,1,3.23,38967.9,19338.8,31,31,100.0,1403/01
514100,1.9,4,12.9,148576.2,802316.4,31,31,100.0,1403/01
514089,1.09,2,6.45,1527215.8,25.0,31,31,100.0,1403/01
517715,6.05,2,6.45,410414.6,12786.7,31,31,100.0,1403/01
517304,6.63,3,9.68,121314.7,-0.5,31,31,100.0,1403/01
516356,8.46,4,12.9,201605.4,1453605.7,31,31,100.0,1403/01
514664,1.29,2,6.45,599861.1,21.7,31,31,100.0,1403/01
514441,40.6,3,9.68,770065.6,1594024.0,31,31,100.0,1403/01
514000,11.06,1,3.23,804438.6,25251.5,31,31,100.0,1403/01
618399,1.99,3,9.68,254853.8,1990.67,31,31,100.0,1403/01
525915,3.4,1,3.23,21034.3,51.4,31,31,100.0,1403/01
608943,1.87,1,3.23,4632.0,470.503,31,31,100.0,1403/01
516864,1.75,1,3.23,650.5,537.907,31,31,100.0,1403/01
519093,5.93,1,3.23,0.1,8.7,31,31,100.0,1403/01
603099,0.43,13,41.94,646.4,-352.174,25,31,80.65,1403/01
603063,13.69,2,6.45,37910.8,12715.7,31,31,100.0,1403/01
516941,16.24,5,16.13,348245.9,1611068.2,31,31,100.0,1403/01
603238,0.4,1,3.23,0.0,0.248,31,31,100.0,1403/01
514413,10.79,1,3.23,299303.9,10801.2,31,31,100.0,1403/01
804571,6.34,8,25.81,1300067.1,1981339.8,31,31,100.0,1403/01
514506,8.53,3,9.68,264756.1,92258.93,31,31,100.0,1403/01
515952,15.88,4,12.9,1249610.7,19754.6,31,31,100.0,1403/01
515019,13.52,1,3.23,1664719.3,12168.0,31,31,100.0,1403/01
516413,0.5,1,3.23,60.3,5.005,31,31,100.0,1403/01
911132,0.72,3,9.68,54826.3,69175.23,31,31,100.0,1403/01
603051,2.08,1,3.23,952575.0,894.0,31,31,100.0,1403/01
517205,6.25,3,9.68,691599.7,1831068.8,11,31,35.48,1403/01
514606,1.92,1,3.23,2428.7,692.267,31,31,100.0,1403/01
609248,1.03,1,3.23,523.9,116.847,31,31,100.0,1403/01
603167,11.76,2,6.45,586.5,5785.407,31,31,100.0,1403/01
530471,1.6,1,3.23,278.0,53.577,31,31,100.0,1403/01
615771,1.9,1,3.23,7731.6,3431.051,31,31,100.0,1403/01
516503,16.27,7,22.58,35331.1,92978.53,14,31,45.16,1403/01
513412,52.2,1,3.23,2076.3,99589.9,31,31,100.0,1403/01
515066,1.48,1,3.23,4213.5,24.7,31,31,100.0,1403/01
804310,3.66,1,3.23,823.8,67.142,31,31,100.0,1403/01
806498,1.65,3,9.68,168260.1,232.83,31,31,100.0,1403/01
603101,19.76,1,3.23,8112.3,17875.7,31,31,100.0,1403/01
201271,0.72,9,29.03,1018.3,80.743,31,31,100.0,1403/01
518807,0.43,4,12.9,227.2,3.871,31,31,100.0,1403/01
603144,15.57,2,6.45,57118.1,207517.3,31,31,100.0,1403/01
515672,2.97,2,6.45,361.1,36.959,31,31,100.0,1403/01
603552,5.34,6,19.35,23108.5,1828.62,31,31,100.0,1403/01
603160,15.74,3,9.68,222029.4,17959.7,31,31,100.0,1403/01
805646,0.69,1,3.23,83921.8,18022.58,31,31,100.0,1403/01
517809,8.44,1,3.23,6796.2,17795.24,31,31,100.0,1403/01
515216,0.68,2,6.45,10.7,9.641,31,31,100.0,1403/01
603044,23.12,1,3.23,96358.6,37930.4,31,31,100.0,1403/01
603484,8.6,2,6.45,230253.0,5766.8,31,31,100.0,1403/01
516027,8.05,1,3.23,229575.7,5984.5,31,31,100.0,1403/01
519024,2.34,2,6.45,0.2,11.464,31,31,100.0,1403/01
603046,9.46,3,9.68,507603.5,10080.01,31,31,100.0,1403/01
103858,29.17,3,9.68,187725.7,61350.78,31,31,100.0,1403/01
100507,0.75,3,9.68,22884.4,64.525,31,31,100.0,1403/01
107145,2.06,9,29.03,883470.4,1368317.0,31,31,100.0,1403/01
608960,0.55,2,6.45,3445.3,6232.506,31,31,100.0,1403/01
